{
  "step_qonnx_to_finn": 2.1696090698242188e-05,
  "step_tidy_up": 0.013141393661499023,
  "step_streamline": 0.6514735221862793,
  "step_convert_to_hw": 0.020955801010131836,
  "step_create_dataflow_partition": 0.012672901153564453,
  "step_specialize_layers": 0.0015592575073242188,
  "step_target_fps_parallelization": 0.0029916763305664062,
  "step_apply_folding_config": 2.6226043701171875e-06,
  "step_minimize_bit_width": 0.0019943714141845703,
  "step_generate_estimate_reports": 2.86102294921875e-06,
  "step_hw_codegen": 0.006466865539550781,
  "step_hw_ipgen": 0.02430891990661621,
  "step_set_fifo_depths": 34.828628063201904,
  "step_create_stitched_ip": 34.067177534103394,
  "step_measure_rtlsim_performance": 1.1224133968353271,
  "step_out_of_context_synthesis": 158.80774235725403,
  "step_synthesize_bitfile": 4.5299530029296875e-06,
  "step_make_pynq_driver": 2.6226043701171875e-06,
  "step_deployment_package": 2.6226043701171875e-06
}