{
  "step_qonnx_to_finn": 0.00010657310485839844,
  "step_tidy_up": 0.09396839141845703,
  "step_streamline": 4.007249593734741,
  "step_convert_to_hw": 0.11821818351745605,
  "step_create_dataflow_partition": 0.028917789459228516,
  "step_specialize_layers": 0.0016334056854248047,
  "step_target_fps_parallelization": 0.003089427947998047,
  "step_apply_folding_config": 3.814697265625e-06,
  "step_minimize_bit_width": 0.0017130374908447266,
  "step_generate_estimate_reports": 0.005902767181396484
}