{
  "step_qonnx_to_finn": 7.724761962890625e-05,
  "step_tidy_up": 0.09084486961364746,
  "step_streamline": 4.051354646682739,
  "step_convert_to_hw": 0.12087106704711914,
  "step_create_dataflow_partition": 0.017271995544433594,
  "step_specialize_layers": 0.0017437934875488281,
  "step_target_fps_parallelization": 0.0028324127197265625,
  "step_apply_folding_config": 3.814697265625e-06,
  "step_minimize_bit_width": 0.0017478466033935547,
  "step_generate_estimate_reports": 0.005783557891845703
}