{
  "step_qonnx_to_finn": 3.910064697265625e-05,
  "step_tidy_up": 0.03941488265991211,
  "step_streamline": 1.9358489513397217,
  "step_convert_to_hw": 0.06341123580932617,
  "step_create_dataflow_partition": 0.01003122329711914,
  "step_specialize_layers": 0.0019309520721435547,
  "step_target_fps_parallelization": 0.003401517868041992,
  "step_apply_folding_config": 4.76837158203125e-06,
  "step_minimize_bit_width": 0.001966714859008789,
  "step_generate_estimate_reports": 3.0994415283203125e-06,
  "step_hw_codegen": 0.00729823112487793,
  "step_hw_ipgen": 0.02369379997253418,
  "step_set_fifo_depths": 35.07957434654236,
  "step_create_stitched_ip": 33.28118538856506,
  "step_measure_rtlsim_performance": 1.2229421138763428,
  "step_out_of_context_synthesis": 147.38785552978516,
  "step_synthesize_bitfile": 3.5762786865234375e-06,
  "step_make_pynq_driver": 3.337860107421875e-06,
  "step_deployment_package": 1.9073486328125e-06
}