{
  "step_qonnx_to_finn": 4.482269287109375e-05,
  "step_tidy_up": 0.038665056228637695,
  "step_streamline": 1.95534086227417,
  "step_convert_to_hw": 0.06805706024169922,
  "step_create_dataflow_partition": 0.012890100479125977,
  "step_specialize_layers": 0.0023462772369384766,
  "step_target_fps_parallelization": 0.004734516143798828,
  "step_apply_folding_config": 5.0067901611328125e-06,
  "step_minimize_bit_width": 0.005312442779541016,
  "step_generate_estimate_reports": 5.745887756347656e-05,
  "step_hw_codegen": 0.05019259452819824,
  "step_hw_ipgen": 0.0356297492980957,
  "step_set_fifo_depths": 41.632935762405396,
  "step_create_stitched_ip": 39.698893785476685,
  "step_measure_rtlsim_performance": 1.5675127506256104,
  "step_out_of_context_synthesis": 158.01053619384766,
  "step_synthesize_bitfile": 3.838539123535156e-05,
  "step_make_pynq_driver": 2.8371810913085938e-05,
  "step_deployment_package": 3.886222839355469e-05
}