{
  "step_qonnx_to_finn": 3.6716461181640625e-05,
  "step_tidy_up": 0.0367741584777832,
  "step_streamline": 1.820483922958374,
  "step_convert_to_hw": 0.05548691749572754,
  "step_create_dataflow_partition": 0.008460283279418945,
  "step_specialize_layers": 0.0015964508056640625,
  "step_target_fps_parallelization": 0.003247499465942383,
  "step_apply_folding_config": 3.814697265625e-06,
  "step_minimize_bit_width": 0.001882791519165039,
  "step_generate_estimate_reports": 2.86102294921875e-06,
  "step_hw_codegen": 0.006513833999633789,
  "step_hw_ipgen": 0.023344755172729492,
  "step_set_fifo_depths": 35.13578009605408,
  "step_create_stitched_ip": 33.72557735443115,
  "step_measure_rtlsim_performance": 1.2474360466003418,
  "step_out_of_context_synthesis": 152.62175226211548,
  "step_synthesize_bitfile": 2.86102294921875e-06,
  "step_make_pynq_driver": 2.86102294921875e-06,
  "step_deployment_package": 2.1457672119140625e-06
}