{
  "step_qonnx_to_finn": 5.507469177246094e-05,
  "step_tidy_up": 0.058460235595703125,
  "step_streamline": 2.8577587604522705,
  "step_convert_to_hw": 0.09775519371032715,
  "step_create_dataflow_partition": 0.013188362121582031,
  "step_specialize_layers": 0.002142190933227539,
  "step_target_fps_parallelization": 0.003915071487426758,
  "step_apply_folding_config": 5.245208740234375e-06,
  "step_minimize_bit_width": 0.004319190979003906,
  "step_generate_estimate_reports": 3.814697265625e-06,
  "step_hw_codegen": 0.04003286361694336,
  "step_hw_ipgen": 0.039283037185668945,
  "step_set_fifo_depths": 41.19137239456177,
  "step_create_stitched_ip": 39.35592484474182,
  "step_measure_rtlsim_performance": 1.429107666015625,
  "step_out_of_context_synthesis": 157.0699679851532,
  "step_synthesize_bitfile": 7.867813110351562e-06,
  "step_make_pynq_driver": 2.384185791015625e-06,
  "step_deployment_package": 1.52587890625e-05
}