{
  "step_qonnx_to_finn": 4.839897155761719e-05,
  "step_tidy_up": 0.06003403663635254,
  "step_streamline": 3.0334556102752686,
  "step_convert_to_hw": 0.08490204811096191,
  "step_create_dataflow_partition": 0.014714479446411133,
  "step_specialize_layers": 0.002079010009765625,
  "step_target_fps_parallelization": 0.0033953189849853516,
  "step_apply_folding_config": 5.4836273193359375e-06,
  "step_minimize_bit_width": 0.0022439956665039062,
  "step_generate_estimate_reports": 3.337860107421875e-06,
  "step_hw_codegen": 0.010471343994140625,
  "step_hw_ipgen": 0.03567671775817871,
  "step_set_fifo_depths": 36.242552518844604,
  "step_create_stitched_ip": 34.45235085487366,
  "step_measure_rtlsim_performance": 1.321685552597046,
  "step_out_of_context_synthesis": 157.6289176940918,
  "step_synthesize_bitfile": 3.814697265625e-06,
  "step_make_pynq_driver": 3.5762786865234375e-06,
  "step_deployment_package": 2.6226043701171875e-06
}