{
  "step_qonnx_to_finn": 6.270408630371094e-05,
  "step_tidy_up": 0.08872842788696289,
  "step_streamline": 4.147559404373169,
  "step_convert_to_hw": 0.11502838134765625,
  "step_create_dataflow_partition": 0.024332761764526367,
  "step_specialize_layers": 0.0017359256744384766,
  "step_target_fps_parallelization": 0.003053903579711914,
  "step_apply_folding_config": 4.0531158447265625e-06,
  "step_minimize_bit_width": 0.0018608570098876953,
  "step_generate_estimate_reports": 0.0054323673248291016
}