{
  "step_qonnx_to_finn": 3.2901763916015625e-05,
  "step_tidy_up": 0.0258636474609375,
  "step_streamline": 1.2288508415222168,
  "step_convert_to_hw": 0.0388796329498291,
  "step_create_dataflow_partition": 0.006711006164550781,
  "step_specialize_layers": 0.0017707347869873047,
  "step_target_fps_parallelization": 0.0035486221313476562,
  "step_apply_folding_config": 4.76837158203125e-06,
  "step_minimize_bit_width": 0.002443075180053711,
  "step_generate_estimate_reports": 2.86102294921875e-06,
  "step_hw_codegen": 0.007052183151245117,
  "step_hw_ipgen": 0.026163816452026367,
  "step_set_fifo_depths": 34.85626149177551,
  "step_create_stitched_ip": 33.12922024726868,
  "step_measure_rtlsim_performance": 1.3392386436462402,
  "step_out_of_context_synthesis": 150.25968647003174,
  "step_synthesize_bitfile": 3.337860107421875e-06,
  "step_make_pynq_driver": 3.0994415283203125e-06,
  "step_deployment_package": 1.430511474609375e-06
}