{
  "step_qonnx_to_finn": 2.8848648071289062e-05,
  "step_tidy_up": 0.0241849422454834,
  "step_streamline": 1.1236042976379395,
  "step_convert_to_hw": 0.03426074981689453,
  "step_create_dataflow_partition": 0.005591392517089844,
  "step_specialize_layers": 0.0015492439270019531,
  "step_target_fps_parallelization": 0.0031354427337646484,
  "step_apply_folding_config": 3.5762786865234375e-06,
  "step_minimize_bit_width": 0.0017409324645996094,
  "step_generate_estimate_reports": 3.0994415283203125e-06,
  "step_hw_codegen": 0.006066083908081055,
  "step_hw_ipgen": 0.02245926856994629,
  "step_set_fifo_depths": 35.12054777145386,
  "step_create_stitched_ip": 33.88087248802185,
  "step_measure_rtlsim_performance": 1.1047182083129883,
  "step_out_of_context_synthesis": 150.32578802108765,
  "step_synthesize_bitfile": 4.5299530029296875e-06,
  "step_make_pynq_driver": 2.384185791015625e-06,
  "step_deployment_package": 1.9073486328125e-06
}