{
  "step_qonnx_to_finn": 3.337860107421875e-05,
  "step_tidy_up": 0.027780532836914062,
  "step_streamline": 1.2303574085235596,
  "step_convert_to_hw": 0.046282291412353516,
  "step_create_dataflow_partition": 0.009012937545776367,
  "step_specialize_layers": 0.0026874542236328125,
  "step_target_fps_parallelization": 0.0046346187591552734,
  "step_apply_folding_config": 5.245208740234375e-06,
  "step_minimize_bit_width": 0.014411211013793945,
  "step_generate_estimate_reports": 2.0742416381835938e-05,
  "step_hw_codegen": 0.48782777786254883,
  "step_hw_ipgen": 0.038324594497680664,
  "step_set_fifo_depths": 42.53066420555115,
  "step_create_stitched_ip": 39.699509382247925,
  "step_measure_rtlsim_performance": 1.6474812030792236,
  "step_out_of_context_synthesis": 189.32333159446716,
  "step_synthesize_bitfile": 7.319450378417969e-05,
  "step_make_pynq_driver": 2.1457672119140625e-05,
  "step_deployment_package": 2.86102294921875e-06
}