{
  "step_qonnx_to_finn": 9.608268737792969e-05,
  "step_tidy_up": 0.11422252655029297,
  "step_streamline": 5.256758689880371,
  "step_convert_to_hw": 0.15103816986083984,
  "step_create_dataflow_partition": 0.023466825485229492,
  "step_specialize_layers": 0.0025305747985839844,
  "step_target_fps_parallelization": 0.0038576126098632812,
  "step_apply_folding_config": 4.5299530029296875e-06,
  "step_minimize_bit_width": 0.002430438995361328,
  "step_generate_estimate_reports": 5.984306335449219e-05,
  "step_hw_codegen": 0.02121114730834961,
  "step_hw_ipgen": 0.03827667236328125,
  "step_set_fifo_depths": 45.47883987426758,
  "step_create_stitched_ip": 42.20679187774658,
  "step_measure_rtlsim_performance": 1.8632228374481201,
  "step_out_of_context_synthesis": 196.03560304641724,
  "step_synthesize_bitfile": 5.7220458984375e-06,
  "step_make_pynq_driver": 4.76837158203125e-06,
  "step_deployment_package": 3.5762786865234375e-06
}