{
  "step_qonnx_to_finn": 6.67572021484375e-05,
  "step_tidy_up": 0.08270454406738281,
  "step_streamline": 4.198376893997192,
  "step_convert_to_hw": 0.1274259090423584,
  "step_create_dataflow_partition": 0.019091129302978516,
  "step_specialize_layers": 0.002131938934326172,
  "step_target_fps_parallelization": 0.006623983383178711,
  "step_apply_folding_config": 4.76837158203125e-06,
  "step_minimize_bit_width": 0.0035996437072753906,
  "step_generate_estimate_reports": 2.86102294921875e-06,
  "step_hw_codegen": 0.008255481719970703,
  "step_hw_ipgen": 0.027512788772583008,
  "step_set_fifo_depths": 35.15030121803284,
  "step_create_stitched_ip": 33.0743944644928,
  "step_measure_rtlsim_performance": 1.2673163414001465,
  "step_out_of_context_synthesis": 145.30104780197144,
  "step_synthesize_bitfile": 3.0994415283203125e-06,
  "step_make_pynq_driver": 1.1682510375976562e-05,
  "step_deployment_package": 2.1457672119140625e-06
}