{
  "step_qonnx_to_finn": 6.437301635742188e-05,
  "step_tidy_up": 0.08502435684204102,
  "step_streamline": 3.955166816711426,
  "step_convert_to_hw": 0.13703012466430664,
  "step_create_dataflow_partition": 0.017116546630859375,
  "step_specialize_layers": 0.0023584365844726562,
  "step_target_fps_parallelization": 0.003917694091796875,
  "step_apply_folding_config": 4.5299530029296875e-06,
  "step_minimize_bit_width": 0.017368316650390625,
  "step_generate_estimate_reports": 3.337860107421875e-06,
  "step_hw_codegen": 0.1313610076904297,
  "step_hw_ipgen": 0.028317928314208984,
  "step_set_fifo_depths": 41.910210609436035,
  "step_create_stitched_ip": 40.22790861129761,
  "step_measure_rtlsim_performance": 1.6444644927978516,
  "step_out_of_context_synthesis": 169.33957409858704,
  "step_synthesize_bitfile": 5.7220458984375e-06,
  "step_make_pynq_driver": 2.1457672119140625e-06,
  "step_deployment_package": 2.1457672119140625e-06
}