{
  "step_qonnx_to_finn": 3.5762786865234375e-05,
  "step_tidy_up": 0.03952360153198242,
  "step_streamline": 1.8988063335418701,
  "step_convert_to_hw": 0.06468009948730469,
  "step_create_dataflow_partition": 0.019991159439086914,
  "step_specialize_layers": 0.0022735595703125,
  "step_target_fps_parallelization": 0.0038154125213623047,
  "step_apply_folding_config": 5.245208740234375e-06,
  "step_minimize_bit_width": 0.005675315856933594,
  "step_generate_estimate_reports": 3.0994415283203125e-06,
  "step_hw_codegen": 0.12341570854187012,
  "step_hw_ipgen": 0.03948092460632324,
  "step_set_fifo_depths": 42.292651414871216,
  "step_create_stitched_ip": 41.17321991920471,
  "step_measure_rtlsim_performance": 1.6119580268859863,
  "step_out_of_context_synthesis": 171.95586514472961,
  "step_synthesize_bitfile": 3.218650817871094e-05,
  "step_make_pynq_driver": 2.7894973754882812e-05,
  "step_deployment_package": 2.6464462280273438e-05
}