{
  "step_qonnx_to_finn": 4.76837158203125e-05,
  "step_tidy_up": 0.04413032531738281,
  "step_streamline": 2.0519540309906006,
  "step_convert_to_hw": 0.06101417541503906,
  "step_create_dataflow_partition": 0.012303590774536133,
  "step_specialize_layers": 0.0016946792602539062,
  "step_target_fps_parallelization": 0.003825664520263672,
  "step_apply_folding_config": 5.245208740234375e-06,
  "step_minimize_bit_width": 0.002010345458984375,
  "step_generate_estimate_reports": 3.0994415283203125e-06,
  "step_hw_codegen": 0.00845956802368164,
  "step_hw_ipgen": 0.03232884407043457,
  "step_set_fifo_depths": 36.26281547546387,
  "step_create_stitched_ip": 34.85547757148743,
  "step_measure_rtlsim_performance": 1.3721439838409424,
  "step_out_of_context_synthesis": 150.6638104915619,
  "step_synthesize_bitfile": 4.291534423828125e-06,
  "step_make_pynq_driver": 3.814697265625e-06,
  "step_deployment_package": 1.4066696166992188e-05
}