{
  "step_qonnx_to_finn": 8.559226989746094e-05,
  "step_tidy_up": 0.11516451835632324,
  "step_streamline": 5.546472787857056,
  "step_convert_to_hw": 0.15420818328857422,
  "step_create_dataflow_partition": 0.026578426361083984,
  "step_specialize_layers": 0.002133607864379883,
  "step_target_fps_parallelization": 0.0038483142852783203,
  "step_apply_folding_config": 4.0531158447265625e-06,
  "step_minimize_bit_width": 0.0024056434631347656,
  "step_generate_estimate_reports": 1.811981201171875e-05,
  "step_hw_codegen": 0.011723756790161133,
  "step_hw_ipgen": 0.028914928436279297,
  "step_set_fifo_depths": 46.840742349624634,
  "step_create_stitched_ip": 42.601340532302856,
  "step_measure_rtlsim_performance": 1.853734016418457,
  "step_out_of_context_synthesis": 207.59733366966248,
  "step_synthesize_bitfile": 5.4836273193359375e-06,
  "step_make_pynq_driver": 2.6226043701171875e-06,
  "step_deployment_package": 2.384185791015625e-06
}