{
  "step_qonnx_to_finn": 5.698204040527344e-05,
  "step_tidy_up": 0.08309221267700195,
  "step_streamline": 4.060198783874512,
  "step_convert_to_hw": 0.11636686325073242,
  "step_create_dataflow_partition": 0.018661022186279297,
  "step_specialize_layers": 0.0020117759704589844,
  "step_target_fps_parallelization": 0.0034303665161132812,
  "step_apply_folding_config": 4.76837158203125e-06,
  "step_minimize_bit_width": 0.002167224884033203,
  "step_generate_estimate_reports": 2.6226043701171875e-06,
  "step_hw_codegen": 0.013776779174804688,
  "step_hw_ipgen": 0.02632904052734375,
  "step_set_fifo_depths": 34.56374669075012,
  "step_create_stitched_ip": 33.33187556266785,
  "step_measure_rtlsim_performance": 1.261911392211914,
  "step_out_of_context_synthesis": 151.90907835960388,
  "step_synthesize_bitfile": 1.3589859008789062e-05,
  "step_make_pynq_driver": 2.6226043701171875e-06,
  "step_deployment_package": 1.9073486328125e-06
}