{
  "step_qonnx_to_finn": 6.031990051269531e-05,
  "step_tidy_up": 0.08727622032165527,
  "step_streamline": 4.182963132858276,
  "step_convert_to_hw": 0.13226056098937988,
  "step_create_dataflow_partition": 0.018076181411743164,
  "step_specialize_layers": 0.0020949840545654297,
  "step_target_fps_parallelization": 0.004515409469604492,
  "step_apply_folding_config": 4.76837158203125e-06,
  "step_minimize_bit_width": 0.012603521347045898,
  "step_generate_estimate_reports": 4.0531158447265625e-06,
  "step_hw_codegen": 0.49056220054626465,
  "step_hw_ipgen": 0.029139280319213867,
  "step_set_fifo_depths": 41.380906105041504,
  "step_create_stitched_ip": 39.661292552948,
  "step_measure_rtlsim_performance": 1.6181838512420654,
  "step_out_of_context_synthesis": 184.35492944717407,
  "step_synthesize_bitfile": 3.0517578125e-05,
  "step_make_pynq_driver": 2.384185791015625e-06,
  "step_deployment_package": 2.1457672119140625e-06
}