{
  "step_qonnx_to_finn": 4.172325134277344e-05,
  "step_tidy_up": 0.05196022987365723,
  "step_streamline": 2.4433863162994385,
  "step_convert_to_hw": 0.0721280574798584,
  "step_create_dataflow_partition": 0.020389556884765625,
  "step_specialize_layers": 0.0015106201171875,
  "step_target_fps_parallelization": 0.003696918487548828,
  "step_apply_folding_config": 3.5762786865234375e-06,
  "step_minimize_bit_width": 0.0017387866973876953,
  "step_generate_estimate_reports": 2.6226043701171875e-06,
  "step_hw_codegen": 0.005831003189086914,
  "step_hw_ipgen": 0.021591901779174805,
  "step_set_fifo_depths": 35.65345335006714,
  "step_create_stitched_ip": 34.34799647331238,
  "step_measure_rtlsim_performance": 1.0679209232330322,
  "step_out_of_context_synthesis": 153.73818922042847,
  "step_synthesize_bitfile": 3.5762786865234375e-06,
  "step_make_pynq_driver": 2.6226043701171875e-06,
  "step_deployment_package": 1.9073486328125e-06
}