{
  "step_qonnx_to_finn": 6.413459777832031e-05,
  "step_tidy_up": 0.057186126708984375,
  "step_streamline": 2.7490923404693604,
  "step_convert_to_hw": 0.09217119216918945,
  "step_create_dataflow_partition": 0.017440080642700195,
  "step_specialize_layers": 0.0024459362030029297,
  "step_target_fps_parallelization": 0.004422187805175781,
  "step_apply_folding_config": 4.5299530029296875e-06,
  "step_minimize_bit_width": 0.01454615592956543,
  "step_generate_estimate_reports": 4.76837158203125e-05,
  "step_hw_codegen": 0.49743032455444336,
  "step_hw_ipgen": 0.04178905487060547,
  "step_set_fifo_depths": 41.35027742385864,
  "step_create_stitched_ip": 40.244062423706055,
  "step_measure_rtlsim_performance": 1.570897102355957,
  "step_out_of_context_synthesis": 184.2573745250702,
  "step_synthesize_bitfile": 4.00543212890625e-05,
  "step_make_pynq_driver": 2.3603439331054688e-05,
  "step_deployment_package": 2.9087066650390625e-05
}