{
  "step_qonnx_to_finn": 4.982948303222656e-05,
  "step_tidy_up": 0.05858325958251953,
  "step_streamline": 2.7810914516448975,
  "step_convert_to_hw": 0.07900714874267578,
  "step_create_dataflow_partition": 0.011694669723510742,
  "step_specialize_layers": 0.0016598701477050781,
  "step_target_fps_parallelization": 0.0032105445861816406,
  "step_apply_folding_config": 4.5299530029296875e-06,
  "step_minimize_bit_width": 0.0019195079803466797,
  "step_generate_estimate_reports": 3.337860107421875e-06,
  "step_hw_codegen": 0.006894350051879883,
  "step_hw_ipgen": 0.025548696517944336,
  "step_set_fifo_depths": 34.71297645568848,
  "step_create_stitched_ip": 33.370481967926025,
  "step_measure_rtlsim_performance": 1.290705680847168,
  "step_out_of_context_synthesis": 151.63222575187683,
  "step_synthesize_bitfile": 4.0531158447265625e-06,
  "step_make_pynq_driver": 3.5762786865234375e-06,
  "step_deployment_package": 2.6226043701171875e-06
}