{
  "step_qonnx_to_finn": 6.008148193359375e-05,
  "step_tidy_up": 0.059255361557006836,
  "step_streamline": 2.7308735847473145,
  "step_convert_to_hw": 0.09215164184570312,
  "step_create_dataflow_partition": 0.025723934173583984,
  "step_specialize_layers": 0.0022020339965820312,
  "step_target_fps_parallelization": 0.003870725631713867,
  "step_apply_folding_config": 4.76837158203125e-06,
  "step_minimize_bit_width": 0.0157930850982666,
  "step_generate_estimate_reports": 4.76837158203125e-06,
  "step_hw_codegen": 0.483196496963501,
  "step_hw_ipgen": 0.043053388595581055,
  "step_set_fifo_depths": 41.53345441818237,
  "step_create_stitched_ip": 39.505417346954346,
  "step_measure_rtlsim_performance": 1.53548264503479,
  "step_out_of_context_synthesis": 180.71961522102356,
  "step_synthesize_bitfile": 5.0067901611328125e-06,
  "step_make_pynq_driver": 2.384185791015625e-06,
  "step_deployment_package": 2.86102294921875e-06
}