{
  "step_qonnx_to_finn": 5.4836273193359375e-05,
  "step_tidy_up": 0.07126784324645996,
  "step_streamline": 6.315119504928589,
  "step_convert_to_hw": 0.11126351356506348,
  "step_create_dataflow_partition": 0.01662421226501465,
  "step_specialize_layers": 0.003237485885620117,
  "step_target_fps_parallelization": 0.004601001739501953,
  "step_apply_folding_config": 4.76837158203125e-06,
  "step_minimize_bit_width": 0.002830982208251953,
  "step_generate_estimate_reports": 3.814697265625e-05,
  "step_hw_codegen": 0.019136905670166016,
  "step_hw_ipgen": 0.031501054763793945,
  "step_set_fifo_depths": 44.86185336112976,
  "step_create_stitched_ip": 43.21544551849365,
  "step_measure_rtlsim_performance": 1.7581801414489746,
  "step_out_of_context_synthesis": 234.02149939537048,
  "step_synthesize_bitfile": 9.989738464355469e-05,
  "step_make_pynq_driver": 6.079673767089844e-05,
  "step_deployment_package": 0.00026679039001464844
}