{
  "step_qonnx_to_finn": 4.863739013671875e-05,
  "step_tidy_up": 0.05826163291931152,
  "step_streamline": 2.8367063999176025,
  "step_convert_to_hw": 0.0809786319732666,
  "step_create_dataflow_partition": 0.012651681900024414,
  "step_specialize_layers": 0.0016694068908691406,
  "step_target_fps_parallelization": 0.0032405853271484375,
  "step_apply_folding_config": 5.245208740234375e-06,
  "step_minimize_bit_width": 0.0019419193267822266,
  "step_generate_estimate_reports": 3.814697265625e-06,
  "step_hw_codegen": 0.007334232330322266,
  "step_hw_ipgen": 0.027623891830444336,
  "step_set_fifo_depths": 35.54447937011719,
  "step_create_stitched_ip": 34.341870069503784,
  "step_measure_rtlsim_performance": 1.3126585483551025,
  "step_out_of_context_synthesis": 154.8396713733673,
  "step_synthesize_bitfile": 1.1682510375976562e-05,
  "step_make_pynq_driver": 4.5299530029296875e-06,
  "step_deployment_package": 2.6226043701171875e-06
}