{
  "vivado_proj_folder": "/tmp/finn_dev_rothej/synth_out_of_context_6s235q0k/results_finn_design_wrapper",
  "LUT": 4370.0,
  "LUTRAM": 220.0,
  "FF": 9258.0,
  "DSP": 0.0,
  "BRAM": 35.0,
  "BRAM_18K": 48.0,
  "BRAM_36K": 11.0,
  "URAM": 0.0,
  "Carry": 592.0,
  "WNS": 0.523,
  "Delay": 0.523,
  "vivado_version": 2022.2,
  "vivado_build_no": 3671981.0,
  "": 0,
  "fmax_mhz": 105.51862403714256,
  "estimated_throughput_fps": 1076720.6534402303
}