{
  "step_qonnx_to_finn": 6.0558319091796875e-05,
  "step_tidy_up": 0.05643343925476074,
  "step_streamline": 2.7062456607818604,
  "step_convert_to_hw": 0.07757377624511719,
  "step_create_dataflow_partition": 0.011354923248291016,
  "step_specialize_layers": 0.001680612564086914,
  "step_target_fps_parallelization": 0.0029404163360595703,
  "step_apply_folding_config": 3.5762786865234375e-06,
  "step_minimize_bit_width": 0.0019216537475585938,
  "step_generate_estimate_reports": 0.005522966384887695
}