{
  "step_qonnx_to_finn": 4.76837158203125e-05,
  "step_tidy_up": 0.041871070861816406,
  "step_streamline": 1.9808390140533447,
  "step_convert_to_hw": 0.059163808822631836,
  "step_create_dataflow_partition": 0.009302616119384766,
  "step_specialize_layers": 0.0017542839050292969,
  "step_target_fps_parallelization": 0.0033216476440429688,
  "step_apply_folding_config": 5.245208740234375e-06,
  "step_minimize_bit_width": 0.001995563507080078,
  "step_generate_estimate_reports": 3.0994415283203125e-06,
  "step_hw_codegen": 0.018841981887817383,
  "step_hw_ipgen": 0.026922225952148438,
  "step_set_fifo_depths": 36.23323392868042,
  "step_create_stitched_ip": 34.121548652648926,
  "step_measure_rtlsim_performance": 1.2851688861846924,
  "step_out_of_context_synthesis": 156.5003924369812,
  "step_synthesize_bitfile": 1.239776611328125e-05,
  "step_make_pynq_driver": 1.2874603271484375e-05,
  "step_deployment_package": 2.384185791015625e-06
}