{
  "step_qonnx_to_finn": 4.673004150390625e-05,
  "step_tidy_up": 0.04115605354309082,
  "step_streamline": 1.9897246360778809,
  "step_convert_to_hw": 0.07103919982910156,
  "step_create_dataflow_partition": 0.011911392211914062,
  "step_specialize_layers": 0.002526998519897461,
  "step_target_fps_parallelization": 0.005069255828857422,
  "step_apply_folding_config": 5.0067901611328125e-06,
  "step_minimize_bit_width": 0.006388187408447266,
  "step_generate_estimate_reports": 4.363059997558594e-05,
  "step_hw_codegen": 0.04927778244018555,
  "step_hw_ipgen": 0.04454755783081055,
  "step_set_fifo_depths": 45.118189573287964,
  "step_create_stitched_ip": 41.21069574356079,
  "step_measure_rtlsim_performance": 1.5202178955078125,
  "step_out_of_context_synthesis": 165.94962310791016,
  "step_synthesize_bitfile": 2.3126602172851562e-05,
  "step_make_pynq_driver": 2.384185791015625e-06,
  "step_deployment_package": 0.00012922286987304688
}