{
  "step_qonnx_to_finn": 7.915496826171875e-05,
  "step_tidy_up": 0.06887030601501465,
  "step_streamline": 2.8724417686462402,
  "step_convert_to_hw": 0.09339594841003418,
  "step_create_dataflow_partition": 0.013274192810058594,
  "step_specialize_layers": 0.002622842788696289,
  "step_target_fps_parallelization": 0.004740238189697266,
  "step_apply_folding_config": 4.5299530029296875e-06,
  "step_minimize_bit_width": 0.003374338150024414,
  "step_generate_estimate_reports": 2.5510787963867188e-05,
  "step_hw_codegen": 0.009672403335571289,
  "step_hw_ipgen": 0.03209280967712402,
  "step_set_fifo_depths": 48.178690910339355,
  "step_create_stitched_ip": 43.17707681655884,
  "step_measure_rtlsim_performance": 1.8130090236663818,
  "step_out_of_context_synthesis": 205.04192066192627,
  "step_synthesize_bitfile": 5.7220458984375e-06,
  "step_make_pynq_driver": 3.0994415283203125e-06,
  "step_deployment_package": 2.86102294921875e-06
}