{
  "step_qonnx_to_finn": 2.3603439331054688e-05,
  "step_tidy_up": 0.013338804244995117,
  "step_streamline": 0.6463305950164795,
  "step_convert_to_hw": 0.021831750869750977,
  "step_create_dataflow_partition": 0.014649391174316406,
  "step_specialize_layers": 0.0014383792877197266,
  "step_target_fps_parallelization": 0.002894878387451172,
  "step_apply_folding_config": 2.86102294921875e-06,
  "step_minimize_bit_width": 0.0018088817596435547,
  "step_generate_estimate_reports": 2.6226043701171875e-06,
  "step_hw_codegen": 0.006194591522216797,
  "step_hw_ipgen": 0.023495197296142578,
  "step_set_fifo_depths": 35.37108850479126,
  "step_create_stitched_ip": 33.94075131416321,
  "step_measure_rtlsim_performance": 1.2072291374206543,
  "step_out_of_context_synthesis": 147.49718379974365,
  "step_synthesize_bitfile": 3.814697265625e-06,
  "step_make_pynq_driver": 1.9073486328125e-06,
  "step_deployment_package": 2.6226043701171875e-06
}