{
  "step_qonnx_to_finn": 4.5299530029296875e-05,
  "step_tidy_up": 0.05741405487060547,
  "step_streamline": 2.7064859867095947,
  "step_convert_to_hw": 0.07721066474914551,
  "step_create_dataflow_partition": 0.012032747268676758,
  "step_specialize_layers": 0.0017375946044921875,
  "step_target_fps_parallelization": 0.003205537796020508,
  "step_apply_folding_config": 4.291534423828125e-06,
  "step_minimize_bit_width": 0.001889944076538086,
  "step_generate_estimate_reports": 0.0055408477783203125
}