{
  "step_qonnx_to_finn": 3.1948089599609375e-05,
  "step_tidy_up": 0.025529146194458008,
  "step_streamline": 1.2298593521118164,
  "step_convert_to_hw": 0.0475459098815918,
  "step_create_dataflow_partition": 0.006695270538330078,
  "step_specialize_layers": 0.002022266387939453,
  "step_target_fps_parallelization": 0.004150390625,
  "step_apply_folding_config": 4.291534423828125e-06,
  "step_minimize_bit_width": 0.005840301513671875,
  "step_generate_estimate_reports": 2.86102294921875e-06,
  "step_hw_codegen": 0.1375732421875,
  "step_hw_ipgen": 0.02660202980041504,
  "step_set_fifo_depths": 41.40162253379822,
  "step_create_stitched_ip": 39.439049243927,
  "step_measure_rtlsim_performance": 1.436034917831421,
  "step_out_of_context_synthesis": 165.37812089920044,
  "step_synthesize_bitfile": 7.605552673339844e-05,
  "step_make_pynq_driver": 3.0994415283203125e-06,
  "step_deployment_package": 3.5762786865234375e-06
}