{
  "step_qonnx_to_finn": 4.863739013671875e-05,
  "step_tidy_up": 0.040299415588378906,
  "step_streamline": 1.754657506942749,
  "step_convert_to_hw": 0.055264949798583984,
  "step_create_dataflow_partition": 0.01999497413635254,
  "step_specialize_layers": 0.0028333663940429688,
  "step_target_fps_parallelization": 0.0044133663177490234,
  "step_apply_folding_config": 4.291534423828125e-06,
  "step_minimize_bit_width": 0.0026810169219970703,
  "step_generate_estimate_reports": 5.7220458984375e-06,
  "step_hw_codegen": 0.010177135467529297,
  "step_hw_ipgen": 0.029671430587768555,
  "step_set_fifo_depths": 44.59591245651245,
  "step_create_stitched_ip": 45.480894565582275,
  "step_measure_rtlsim_performance": 1.8620946407318115,
  "step_out_of_context_synthesis": 191.28728723526,
  "step_synthesize_bitfile": 5.7220458984375e-06,
  "step_make_pynq_driver": 4.291534423828125e-06,
  "step_deployment_package": 5.0067901611328125e-06
}