{
  "step_qonnx_to_finn": 3.218650817871094e-05,
  "step_tidy_up": 0.026025772094726562,
  "step_streamline": 1.273210048675537,
  "step_convert_to_hw": 0.03874373435974121,
  "step_create_dataflow_partition": 0.008102893829345703,
  "step_specialize_layers": 0.001764059066772461,
  "step_target_fps_parallelization": 0.003284931182861328,
  "step_apply_folding_config": 4.5299530029296875e-06,
  "step_minimize_bit_width": 0.0020079612731933594,
  "step_generate_estimate_reports": 2.86102294921875e-06,
  "step_hw_codegen": 0.007945537567138672,
  "step_hw_ipgen": 0.02346038818359375,
  "step_set_fifo_depths": 35.80169892311096,
  "step_create_stitched_ip": 33.75925850868225,
  "step_measure_rtlsim_performance": 1.288043737411499,
  "step_out_of_context_synthesis": 142.69547271728516,
  "step_synthesize_bitfile": 3.337860107421875e-06,
  "step_make_pynq_driver": 3.337860107421875e-06,
  "step_deployment_package": 2.384185791015625e-06
}