{
  "step_qonnx_to_finn": 4.792213439941406e-05,
  "step_tidy_up": 0.05881977081298828,
  "step_streamline": 2.729153633117676,
  "step_convert_to_hw": 0.07833313941955566,
  "step_create_dataflow_partition": 0.011196374893188477,
  "step_specialize_layers": 0.0016064643859863281,
  "step_target_fps_parallelization": 0.0031223297119140625,
  "step_apply_folding_config": 3.5762786865234375e-06,
  "step_minimize_bit_width": 0.0018453598022460938,
  "step_generate_estimate_reports": 0.005460262298583984
}