{
  "step_qonnx_to_finn": 2.384185791015625e-05,
  "step_tidy_up": 0.013238668441772461,
  "step_streamline": 0.6644611358642578,
  "step_convert_to_hw": 0.02235865592956543,
  "step_create_dataflow_partition": 0.0044972896575927734,
  "step_specialize_layers": 0.0014832019805908203,
  "step_target_fps_parallelization": 0.003013134002685547,
  "step_apply_folding_config": 3.0994415283203125e-06,
  "step_minimize_bit_width": 0.0018863677978515625,
  "step_generate_estimate_reports": 2.86102294921875e-06,
  "step_hw_codegen": 0.006525993347167969,
  "step_hw_ipgen": 0.024083852767944336,
  "step_set_fifo_depths": 35.26297974586487,
  "step_create_stitched_ip": 33.81856346130371,
  "step_measure_rtlsim_performance": 1.1065762042999268,
  "step_out_of_context_synthesis": 141.37711095809937,
  "step_synthesize_bitfile": 2.86102294921875e-06,
  "step_make_pynq_driver": 3.0994415283203125e-06,
  "step_deployment_package": 3.337860107421875e-06
}