{
  "step_qonnx_to_finn": 2.5272369384765625e-05,
  "step_tidy_up": 0.015498876571655273,
  "step_streamline": 0.7437772750854492,
  "step_convert_to_hw": 0.023996591567993164,
  "step_create_dataflow_partition": 0.013931035995483398,
  "step_specialize_layers": 0.0016319751739501953,
  "step_target_fps_parallelization": 0.0034842491149902344,
  "step_apply_folding_config": 3.814697265625e-06,
  "step_minimize_bit_width": 0.002057790756225586,
  "step_generate_estimate_reports": 3.337860107421875e-06,
  "step_hw_codegen": 0.0071332454681396484,
  "step_hw_ipgen": 0.023118257522583008,
  "step_set_fifo_depths": 37.886478662490845,
  "step_create_stitched_ip": 35.8416793346405,
  "step_measure_rtlsim_performance": 1.3570122718811035,
  "step_out_of_context_synthesis": 179.81993103027344,
  "step_synthesize_bitfile": 6.4373016357421875e-06,
  "step_make_pynq_driver": 3.337860107421875e-06,
  "step_deployment_package": 2.86102294921875e-06
}