{
  "step_qonnx_to_finn": 5.555152893066406e-05,
  "step_tidy_up": 0.03899359703063965,
  "step_streamline": 1.8723695278167725,
  "step_convert_to_hw": 0.05444502830505371,
  "step_create_dataflow_partition": 0.008357048034667969,
  "step_specialize_layers": 0.0016598701477050781,
  "step_target_fps_parallelization": 0.003324747085571289,
  "step_apply_folding_config": 4.0531158447265625e-06,
  "step_minimize_bit_width": 0.0018475055694580078,
  "step_generate_estimate_reports": 0.005654811859130859
}