{
  "step_qonnx_to_finn": 3.886222839355469e-05,
  "step_tidy_up": 0.0396120548248291,
  "step_streamline": 1.8880844116210938,
  "step_convert_to_hw": 0.05508613586425781,
  "step_create_dataflow_partition": 0.02330923080444336,
  "step_specialize_layers": 0.0021505355834960938,
  "step_target_fps_parallelization": 0.0034949779510498047,
  "step_apply_folding_config": 4.0531158447265625e-06,
  "step_minimize_bit_width": 0.002022266387939453,
  "step_generate_estimate_reports": 0.0058934688568115234
}