{
  "step_qonnx_to_finn": 3.337860107421875e-05,
  "step_tidy_up": 0.026104211807250977,
  "step_streamline": 1.3786163330078125,
  "step_convert_to_hw": 0.042157888412475586,
  "step_create_dataflow_partition": 0.008201837539672852,
  "step_specialize_layers": 0.002218961715698242,
  "step_target_fps_parallelization": 0.003867626190185547,
  "step_apply_folding_config": 6.9141387939453125e-06,
  "step_minimize_bit_width": 0.002176523208618164,
  "step_generate_estimate_reports": 4.5299530029296875e-06,
  "step_hw_codegen": 0.008266448974609375,
  "step_hw_ipgen": 0.03079366683959961,
  "step_set_fifo_depths": 35.822505712509155,
  "step_create_stitched_ip": 35.58956003189087,
  "step_measure_rtlsim_performance": 1.515106201171875,
  "step_out_of_context_synthesis": 158.44294118881226,
  "step_synthesize_bitfile": 4.5299530029296875e-06,
  "step_make_pynq_driver": 3.5762786865234375e-06,
  "step_deployment_package": 2.6226043701171875e-06
}