{
  "step_qonnx_to_finn": 5.936622619628906e-05,
  "step_tidy_up": 0.03644156455993652,
  "step_streamline": 1.903280258178711,
  "step_convert_to_hw": 0.05567026138305664,
  "step_create_dataflow_partition": 0.010320425033569336,
  "step_specialize_layers": 0.002136707305908203,
  "step_target_fps_parallelization": 0.0042989253997802734,
  "step_apply_folding_config": 5.245208740234375e-06,
  "step_minimize_bit_width": 0.0026772022247314453,
  "step_generate_estimate_reports": 5.245208740234375e-06,
  "step_hw_codegen": 0.009172916412353516,
  "step_hw_ipgen": 0.030750036239624023,
  "step_set_fifo_depths": 46.978700399398804,
  "step_create_stitched_ip": 46.529067516326904,
  "step_measure_rtlsim_performance": 1.5030970573425293,
  "step_out_of_context_synthesis": 189.9440016746521,
  "step_synthesize_bitfile": 5.245208740234375e-06,
  "step_make_pynq_driver": 2.6226043701171875e-06,
  "step_deployment_package": 3.5762786865234375e-06
}