{
  "step_qonnx_to_finn": 3.910064697265625e-05,
  "step_tidy_up": 0.0303957462310791,
  "step_streamline": 1.3086018562316895,
  "step_convert_to_hw": 0.049684762954711914,
  "step_create_dataflow_partition": 0.009459495544433594,
  "step_specialize_layers": 0.0032901763916015625,
  "step_target_fps_parallelization": 0.004852771759033203,
  "step_apply_folding_config": 5.7220458984375e-06,
  "step_minimize_bit_width": 0.014999151229858398,
  "step_generate_estimate_reports": 1.9788742065429688e-05,
  "step_hw_codegen": 0.4986686706542969,
  "step_hw_ipgen": 0.0474855899810791,
  "step_set_fifo_depths": 44.61398887634277,
  "step_create_stitched_ip": 41.75867223739624,
  "step_measure_rtlsim_performance": 1.7724597454071045,
  "step_out_of_context_synthesis": 194.31636357307434,
  "step_synthesize_bitfile": 5.245208740234375e-06,
  "step_make_pynq_driver": 2.6226043701171875e-06,
  "step_deployment_package": 2.86102294921875e-06
}