{
  "step_qonnx_to_finn": 4.2438507080078125e-05,
  "step_tidy_up": 0.05466508865356445,
  "step_streamline": 2.718886613845825,
  "step_convert_to_hw": 0.07776951789855957,
  "step_create_dataflow_partition": 0.020174741744995117,
  "step_specialize_layers": 0.0018541812896728516,
  "step_target_fps_parallelization": 0.005446195602416992,
  "step_apply_folding_config": 4.0531158447265625e-06,
  "step_minimize_bit_width": 0.002358675003051758,
  "step_generate_estimate_reports": 3.337860107421875e-06,
  "step_hw_codegen": 0.006005525588989258,
  "step_hw_ipgen": 0.023576736450195312,
  "step_set_fifo_depths": 37.74668502807617,
  "step_create_stitched_ip": 36.32169699668884,
  "step_measure_rtlsim_performance": 1.3323314189910889,
  "step_out_of_context_synthesis": 173.42403388023376,
  "step_synthesize_bitfile": 5.9604644775390625e-06,
  "step_make_pynq_driver": 3.5762786865234375e-06,
  "step_deployment_package": 3.337860107421875e-06
}