{
  "step_qonnx_to_finn": 8.368492126464844e-05,
  "step_tidy_up": 0.06034541130065918,
  "step_streamline": 2.9101459980010986,
  "step_convert_to_hw": 0.10461187362670898,
  "step_create_dataflow_partition": 0.015305757522583008,
  "step_specialize_layers": 0.00302886962890625,
  "step_target_fps_parallelization": 0.004557371139526367,
  "step_apply_folding_config": 5.0067901611328125e-06,
  "step_minimize_bit_width": 0.005064487457275391,
  "step_generate_estimate_reports": 2.5033950805664062e-05,
  "step_hw_codegen": 0.04804539680480957,
  "step_hw_ipgen": 0.04595303535461426,
  "step_set_fifo_depths": 43.98783826828003,
  "step_create_stitched_ip": 40.547635316848755,
  "step_measure_rtlsim_performance": 1.5611114501953125,
  "step_out_of_context_synthesis": 164.10788321495056,
  "step_synthesize_bitfile": 3.075599670410156e-05,
  "step_make_pynq_driver": 2.86102294921875e-06,
  "step_deployment_package": 3.337860107421875e-06
}