{
  "step_qonnx_to_finn": 4.482269287109375e-05,
  "step_tidy_up": 0.05882978439331055,
  "step_streamline": 2.8446013927459717,
  "step_convert_to_hw": 0.0824728012084961,
  "step_create_dataflow_partition": 0.013113737106323242,
  "step_specialize_layers": 0.0017561912536621094,
  "step_target_fps_parallelization": 0.0037386417388916016,
  "step_apply_folding_config": 5.0067901611328125e-06,
  "step_minimize_bit_width": 0.0019807815551757812,
  "step_generate_estimate_reports": 3.0994415283203125e-06,
  "step_hw_codegen": 0.007262706756591797,
  "step_hw_ipgen": 0.027344703674316406,
  "step_set_fifo_depths": 34.95337390899658,
  "step_create_stitched_ip": 34.59366011619568,
  "step_measure_rtlsim_performance": 1.2883508205413818,
  "step_out_of_context_synthesis": 154.63999485969543,
  "step_synthesize_bitfile": 3.814697265625e-06,
  "step_make_pynq_driver": 5.0067901611328125e-06,
  "step_deployment_package": 2.384185791015625e-06
}