{
  "step_qonnx_to_finn": 6.556510925292969e-05,
  "step_tidy_up": 0.08623003959655762,
  "step_streamline": 3.9498910903930664,
  "step_convert_to_hw": 0.13038969039916992,
  "step_create_dataflow_partition": 0.018314361572265625,
  "step_specialize_layers": 0.002207040786743164,
  "step_target_fps_parallelization": 0.003947734832763672,
  "step_apply_folding_config": 4.5299530029296875e-06,
  "step_minimize_bit_width": 0.004230499267578125,
  "step_generate_estimate_reports": 3.337860107421875e-06,
  "step_hw_codegen": 0.04446244239807129,
  "step_hw_ipgen": 0.032608985900878906,
  "step_set_fifo_depths": 42.61190867424011,
  "step_create_stitched_ip": 39.418710231781006,
  "step_measure_rtlsim_performance": 2.526092290878296,
  "step_out_of_context_synthesis": 152.9860279560089,
  "step_synthesize_bitfile": 5.0067901611328125e-06,
  "step_make_pynq_driver": 2.6226043701171875e-06,
  "step_deployment_package": 2.86102294921875e-06
}