{
  "step_qonnx_to_finn": 6.031990051269531e-05,
  "step_tidy_up": 0.08541727066040039,
  "step_streamline": 4.131098031997681,
  "step_convert_to_hw": 0.11429786682128906,
  "step_create_dataflow_partition": 0.017818212509155273,
  "step_specialize_layers": 0.0016880035400390625,
  "step_target_fps_parallelization": 0.0032258033752441406,
  "step_apply_folding_config": 5.0067901611328125e-06,
  "step_minimize_bit_width": 0.0019638538360595703,
  "step_generate_estimate_reports": 3.0994415283203125e-06,
  "step_hw_codegen": 0.00724339485168457,
  "step_hw_ipgen": 0.02385878562927246,
  "step_set_fifo_depths": 35.70203232765198,
  "step_create_stitched_ip": 33.128045082092285,
  "step_measure_rtlsim_performance": 2.1047635078430176,
  "step_out_of_context_synthesis": 147.15262532234192,
  "step_synthesize_bitfile": 3.0994415283203125e-06,
  "step_make_pynq_driver": 2.86102294921875e-06,
  "step_deployment_package": 2.1457672119140625e-06
}