{
  "step_qonnx_to_finn": 0.00010561943054199219,
  "step_tidy_up": 0.08316874504089355,
  "step_streamline": 4.013544321060181,
  "step_convert_to_hw": 0.12274861335754395,
  "step_create_dataflow_partition": 0.018911361694335938,
  "step_specialize_layers": 0.0021076202392578125,
  "step_target_fps_parallelization": 0.003850221633911133,
  "step_apply_folding_config": 3.814697265625e-06,
  "step_minimize_bit_width": 0.0017733573913574219,
  "step_generate_estimate_reports": 0.0055391788482666016
}