{
  "step_qonnx_to_finn": 0.0001201629638671875,
  "step_tidy_up": 0.056375980377197266,
  "step_streamline": 2.7524936199188232,
  "step_convert_to_hw": 0.08313465118408203,
  "step_create_dataflow_partition": 0.019063234329223633,
  "step_specialize_layers": 0.0024788379669189453,
  "step_target_fps_parallelization": 0.005015850067138672,
  "step_apply_folding_config": 5.245208740234375e-06,
  "step_minimize_bit_width": 0.0027942657470703125,
  "step_generate_estimate_reports": 5.245208740234375e-06,
  "step_hw_codegen": 0.015027284622192383,
  "step_hw_ipgen": 0.03309965133666992,
  "step_set_fifo_depths": 44.90318036079407,
  "step_create_stitched_ip": 43.73889517784119,
  "step_measure_rtlsim_performance": 4.680680513381958,
  "step_out_of_context_synthesis": 220.8890025615692,
  "step_synthesize_bitfile": 6.67572021484375e-06,
  "step_make_pynq_driver": 4.76837158203125e-06,
  "step_deployment_package": 3.337860107421875e-06
}