{
  "step_qonnx_to_finn": 4.863739013671875e-05,
  "step_tidy_up": 0.03924155235290527,
  "step_streamline": 1.8719122409820557,
  "step_convert_to_hw": 0.06324052810668945,
  "step_create_dataflow_partition": 0.012052059173583984,
  "step_specialize_layers": 0.0021729469299316406,
  "step_target_fps_parallelization": 0.0037384033203125,
  "step_apply_folding_config": 4.5299530029296875e-06,
  "step_minimize_bit_width": 0.01407623291015625,
  "step_generate_estimate_reports": 1.1920928955078125e-05,
  "step_hw_codegen": 0.4808211326599121,
  "step_hw_ipgen": 0.03029632568359375,
  "step_set_fifo_depths": 41.44198131561279,
  "step_create_stitched_ip": 39.70242929458618,
  "step_measure_rtlsim_performance": 1.7031290531158447,
  "step_out_of_context_synthesis": 189.00409483909607,
  "step_synthesize_bitfile": 5.4836273193359375e-06,
  "step_make_pynq_driver": 1.9073486328125e-06,
  "step_deployment_package": 2.1457672119140625e-06
}