{
  "step_qonnx_to_finn": 4.3392181396484375e-05,
  "step_tidy_up": 0.045346975326538086,
  "step_streamline": 2.126509666442871,
  "step_convert_to_hw": 0.06688904762268066,
  "step_create_dataflow_partition": 0.02184438705444336,
  "step_specialize_layers": 0.0026726722717285156,
  "step_target_fps_parallelization": 0.004596233367919922,
  "step_apply_folding_config": 6.9141387939453125e-06,
  "step_minimize_bit_width": 0.0026633739471435547,
  "step_generate_estimate_reports": 4.0531158447265625e-06,
  "step_hw_codegen": 0.008455753326416016,
  "step_hw_ipgen": 0.03279232978820801,
  "step_set_fifo_depths": 36.24777054786682,
  "step_create_stitched_ip": 34.83250594139099,
  "step_measure_rtlsim_performance": 1.3819913864135742,
  "step_out_of_context_synthesis": 168.39438343048096,
  "step_synthesize_bitfile": 4.0531158447265625e-06,
  "step_make_pynq_driver": 4.291534423828125e-06,
  "step_deployment_package": 2.1457672119140625e-06
}