{
  "step_qonnx_to_finn": 5.269050598144531e-05,
  "step_tidy_up": 0.05939316749572754,
  "step_streamline": 2.8063085079193115,
  "step_convert_to_hw": 0.0795145034790039,
  "step_create_dataflow_partition": 0.011260032653808594,
  "step_specialize_layers": 0.0017364025115966797,
  "step_target_fps_parallelization": 0.003260374069213867,
  "step_apply_folding_config": 4.291534423828125e-06,
  "step_minimize_bit_width": 0.0024492740631103516,
  "step_generate_estimate_reports": 3.337860107421875e-06,
  "step_hw_codegen": 0.007915258407592773,
  "step_hw_ipgen": 0.025937318801879883,
  "step_set_fifo_depths": 34.73670721054077,
  "step_create_stitched_ip": 33.179866313934326,
  "step_measure_rtlsim_performance": 1.1949794292449951,
  "step_out_of_context_synthesis": 150.77970957756042,
  "step_synthesize_bitfile": 3.337860107421875e-06,
  "step_make_pynq_driver": 3.814697265625e-06,
  "step_deployment_package": 2.1457672119140625e-06
}