{
  "step_qonnx_to_finn": 5.316734313964844e-05,
  "step_tidy_up": 0.060013532638549805,
  "step_streamline": 2.7772929668426514,
  "step_convert_to_hw": 0.09046292304992676,
  "step_create_dataflow_partition": 0.015956878662109375,
  "step_specialize_layers": 0.0025949478149414062,
  "step_target_fps_parallelization": 0.0045931339263916016,
  "step_apply_folding_config": 5.0067901611328125e-06,
  "step_minimize_bit_width": 0.00516963005065918,
  "step_generate_estimate_reports": 3.337860107421875e-06,
  "step_hw_codegen": 0.044202566146850586,
  "step_hw_ipgen": 0.044112443923950195,
  "step_set_fifo_depths": 41.86437916755676,
  "step_create_stitched_ip": 40.13215637207031,
  "step_measure_rtlsim_performance": 1.6308274269104004,
  "step_out_of_context_synthesis": 154.594961643219,
  "step_synthesize_bitfile": 4.5299530029296875e-06,
  "step_make_pynq_driver": 1.9073486328125e-06,
  "step_deployment_package": 2.86102294921875e-06
}