{
  "step_qonnx_to_finn": 2.7894973754882812e-05,
  "step_tidy_up": 0.01504063606262207,
  "step_streamline": 0.7068281173706055,
  "step_convert_to_hw": 0.023159265518188477,
  "step_create_dataflow_partition": 0.006089925765991211,
  "step_specialize_layers": 0.0017728805541992188,
  "step_target_fps_parallelization": 0.0034313201904296875,
  "step_apply_folding_config": 3.337860107421875e-06,
  "step_minimize_bit_width": 0.0019986629486083984,
  "step_generate_estimate_reports": 0.0059392452239990234
}