{
  "step_qonnx_to_finn": 5.3882598876953125e-05,
  "step_tidy_up": 0.05940604209899902,
  "step_streamline": 2.8818392753601074,
  "step_convert_to_hw": 0.09921860694885254,
  "step_create_dataflow_partition": 0.014090299606323242,
  "step_specialize_layers": 0.002478361129760742,
  "step_target_fps_parallelization": 0.004217863082885742,
  "step_apply_folding_config": 4.291534423828125e-06,
  "step_minimize_bit_width": 0.006257057189941406,
  "step_generate_estimate_reports": 2.1696090698242188e-05,
  "step_hw_codegen": 0.14005017280578613,
  "step_hw_ipgen": 0.047104835510253906,
  "step_set_fifo_depths": 43.83584475517273,
  "step_create_stitched_ip": 41.16068410873413,
  "step_measure_rtlsim_performance": 1.6407430171966553,
  "step_out_of_context_synthesis": 172.7885386943817,
  "step_synthesize_bitfile": 7.3909759521484375e-06,
  "step_make_pynq_driver": 2.384185791015625e-06,
  "step_deployment_package": 2.86102294921875e-06
}