{
  "step_qonnx_to_finn": 4.673004150390625e-05,
  "step_tidy_up": 0.061609745025634766,
  "step_streamline": 2.8347229957580566,
  "step_convert_to_hw": 0.08008265495300293,
  "step_create_dataflow_partition": 0.012424945831298828,
  "step_specialize_layers": 0.0016672611236572266,
  "step_target_fps_parallelization": 0.0033490657806396484,
  "step_apply_folding_config": 5.7220458984375e-06,
  "step_minimize_bit_width": 0.0022699832916259766,
  "step_generate_estimate_reports": 3.0994415283203125e-06,
  "step_hw_codegen": 0.007741212844848633,
  "step_hw_ipgen": 0.027333974838256836,
  "step_set_fifo_depths": 35.41505742073059,
  "step_create_stitched_ip": 34.85256838798523,
  "step_measure_rtlsim_performance": 1.321474552154541,
  "step_out_of_context_synthesis": 146.03609609603882,
  "step_synthesize_bitfile": 4.76837158203125e-06,
  "step_make_pynq_driver": 5.4836273193359375e-06,
  "step_deployment_package": 2.384185791015625e-06
}