{
  "step_qonnx_to_finn": 6.461143493652344e-05,
  "step_tidy_up": 0.07567524909973145,
  "step_streamline": 4.173412322998047,
  "step_convert_to_hw": 0.11821627616882324,
  "step_create_dataflow_partition": 0.017457246780395508,
  "step_specialize_layers": 0.002476215362548828,
  "step_target_fps_parallelization": 0.005737781524658203,
  "step_apply_folding_config": 5.245208740234375e-06,
  "step_minimize_bit_width": 0.002820730209350586,
  "step_generate_estimate_reports": 5.0067901611328125e-06,
  "step_hw_codegen": 0.009977102279663086,
  "step_hw_ipgen": 0.03114604949951172,
  "step_set_fifo_depths": 46.26641273498535,
  "step_create_stitched_ip": 44.775070905685425,
  "step_measure_rtlsim_performance": 1.7851736545562744,
  "step_out_of_context_synthesis": 195.79834938049316,
  "step_synthesize_bitfile": 4.76837158203125e-06,
  "step_make_pynq_driver": 2.1457672119140625e-06,
  "step_deployment_package": 3.337860107421875e-06
}