{
  "step_qonnx_to_finn": 7.43865966796875e-05,
  "step_tidy_up": 0.06109929084777832,
  "step_streamline": 2.926250457763672,
  "step_convert_to_hw": 0.08759379386901855,
  "step_create_dataflow_partition": 0.02218031883239746,
  "step_specialize_layers": 0.001688241958618164,
  "step_target_fps_parallelization": 0.0034093856811523438,
  "step_apply_folding_config": 5.4836273193359375e-06,
  "step_minimize_bit_width": 0.0019273757934570312,
  "step_generate_estimate_reports": 3.0994415283203125e-06,
  "step_hw_codegen": 0.00718379020690918,
  "step_hw_ipgen": 0.028362512588500977,
  "step_set_fifo_depths": 35.97951126098633,
  "step_create_stitched_ip": 34.490864753723145,
  "step_measure_rtlsim_performance": 1.3563878536224365,
  "step_out_of_context_synthesis": 151.16029739379883,
  "step_synthesize_bitfile": 3.814697265625e-06,
  "step_make_pynq_driver": 4.5299530029296875e-06,
  "step_deployment_package": 1.239776611328125e-05
}