{
  "step_qonnx_to_finn": 7.43865966796875e-05,
  "step_tidy_up": 0.06052565574645996,
  "step_streamline": 2.7979207038879395,
  "step_convert_to_hw": 0.09517598152160645,
  "step_create_dataflow_partition": 0.022603988647460938,
  "step_specialize_layers": 0.0025103092193603516,
  "step_target_fps_parallelization": 0.003947019577026367,
  "step_apply_folding_config": 5.0067901611328125e-06,
  "step_minimize_bit_width": 0.005812644958496094,
  "step_generate_estimate_reports": 3.5762786865234375e-06,
  "step_hw_codegen": 0.13376808166503906,
  "step_hw_ipgen": 0.036191463470458984,
  "step_set_fifo_depths": 41.90172553062439,
  "step_create_stitched_ip": 40.1695191860199,
  "step_measure_rtlsim_performance": 1.482917070388794,
  "step_out_of_context_synthesis": 168.27931785583496,
  "step_synthesize_bitfile": 5.245208740234375e-06,
  "step_make_pynq_driver": 3.0994415283203125e-06,
  "step_deployment_package": 3.0994415283203125e-06
}