{
  "step_qonnx_to_finn": 7.2479248046875e-05,
  "step_tidy_up": 0.08497810363769531,
  "step_streamline": 4.047394037246704,
  "step_convert_to_hw": 0.10758066177368164,
  "step_create_dataflow_partition": 0.016981840133666992,
  "step_specialize_layers": 0.002988100051879883,
  "step_target_fps_parallelization": 0.004392147064208984,
  "step_apply_folding_config": 5.7220458984375e-06,
  "step_minimize_bit_width": 0.0026199817657470703,
  "step_generate_estimate_reports": 3.5762786865234375e-06,
  "step_hw_codegen": 0.011922121047973633,
  "step_hw_ipgen": 0.030192852020263672,
  "step_set_fifo_depths": 46.17342710494995,
  "step_create_stitched_ip": 48.1765820980072,
  "step_measure_rtlsim_performance": 1.7302279472351074,
  "step_out_of_context_synthesis": 205.66256594657898,
  "step_synthesize_bitfile": 4.76837158203125e-06,
  "step_make_pynq_driver": 2.6226043701171875e-06,
  "step_deployment_package": 1.9073486328125e-06
}