{
  "step_qonnx_to_finn": 6.937980651855469e-05,
  "step_tidy_up": 0.026614904403686523,
  "step_streamline": 1.265895128250122,
  "step_convert_to_hw": 0.04591035842895508,
  "step_create_dataflow_partition": 0.01039743423461914,
  "step_specialize_layers": 0.0023832321166992188,
  "step_target_fps_parallelization": 0.00478053092956543,
  "step_apply_folding_config": 4.76837158203125e-06,
  "step_minimize_bit_width": 0.005270242691040039,
  "step_generate_estimate_reports": 1.4543533325195312e-05,
  "step_hw_codegen": 0.048835039138793945,
  "step_hw_ipgen": 0.04508328437805176,
  "step_set_fifo_depths": 44.682828187942505,
  "step_create_stitched_ip": 40.30667424201965,
  "step_measure_rtlsim_performance": 1.588346004486084,
  "step_out_of_context_synthesis": 163.07264590263367,
  "step_synthesize_bitfile": 5.9604644775390625e-06,
  "step_make_pynq_driver": 3.5762786865234375e-06,
  "step_deployment_package": 2.384185791015625e-06
}