{
  "step_qonnx_to_finn": 3.314018249511719e-05,
  "step_tidy_up": 0.027303695678710938,
  "step_streamline": 1.331437349319458,
  "step_convert_to_hw": 0.04202723503112793,
  "step_create_dataflow_partition": 0.007997512817382812,
  "step_specialize_layers": 0.0018041133880615234,
  "step_target_fps_parallelization": 0.0032684803009033203,
  "step_apply_folding_config": 5.4836273193359375e-06,
  "step_minimize_bit_width": 0.0022499561309814453,
  "step_generate_estimate_reports": 3.5762786865234375e-06,
  "step_hw_codegen": 0.008001089096069336,
  "step_hw_ipgen": 0.027447223663330078,
  "step_set_fifo_depths": 36.08943438529968,
  "step_create_stitched_ip": 35.111518144607544,
  "step_measure_rtlsim_performance": 1.3377971649169922,
  "step_out_of_context_synthesis": 155.53978633880615,
  "step_synthesize_bitfile": 1.3589859008789062e-05,
  "step_make_pynq_driver": 4.291534423828125e-06,
  "step_deployment_package": 2.6226043701171875e-06
}