{
  "step_qonnx_to_finn": 4.3392181396484375e-05,
  "step_tidy_up": 0.0393977165222168,
  "step_streamline": 1.876880168914795,
  "step_convert_to_hw": 0.053681135177612305,
  "step_create_dataflow_partition": 0.009290456771850586,
  "step_specialize_layers": 0.001596689224243164,
  "step_target_fps_parallelization": 0.0032880306243896484,
  "step_apply_folding_config": 4.0531158447265625e-06,
  "step_minimize_bit_width": 0.001955270767211914,
  "step_generate_estimate_reports": 0.005395174026489258
}