{
  "step_qonnx_to_finn": 3.981590270996094e-05,
  "step_tidy_up": 0.04137873649597168,
  "step_streamline": 1.8735318183898926,
  "step_convert_to_hw": 0.05394697189331055,
  "step_create_dataflow_partition": 0.01934361457824707,
  "step_specialize_layers": 0.0021681785583496094,
  "step_target_fps_parallelization": 0.00315093994140625,
  "step_apply_folding_config": 3.5762786865234375e-06,
  "step_minimize_bit_width": 0.002462148666381836,
  "step_generate_estimate_reports": 0.0055615901947021484
}