{
  "step_qonnx_to_finn": 4.649162292480469e-05,
  "step_tidy_up": 0.04280805587768555,
  "step_streamline": 1.8840978145599365,
  "step_convert_to_hw": 0.0534820556640625,
  "step_create_dataflow_partition": 0.008118391036987305,
  "step_specialize_layers": 0.0015912055969238281,
  "step_target_fps_parallelization": 0.002980947494506836,
  "step_apply_folding_config": 3.5762786865234375e-06,
  "step_minimize_bit_width": 0.001796722412109375,
  "step_generate_estimate_reports": 0.006136655807495117
}