{
  "step_qonnx_to_finn": 2.9087066650390625e-05,
  "step_tidy_up": 0.015048503875732422,
  "step_streamline": 0.6943812370300293,
  "step_convert_to_hw": 0.025416135787963867,
  "step_create_dataflow_partition": 0.005276918411254883,
  "step_specialize_layers": 0.0015301704406738281,
  "step_target_fps_parallelization": 0.002930879592895508,
  "step_apply_folding_config": 3.337860107421875e-06,
  "step_minimize_bit_width": 0.0019459724426269531,
  "step_generate_estimate_reports": 0.005727529525756836
}