{
  "step_qonnx_to_finn": 4.291534423828125e-05,
  "step_tidy_up": 0.03706097602844238,
  "step_streamline": 1.2939400672912598,
  "step_convert_to_hw": 0.04990530014038086,
  "step_create_dataflow_partition": 0.010476112365722656,
  "step_specialize_layers": 0.0030493736267089844,
  "step_target_fps_parallelization": 0.004932880401611328,
  "step_apply_folding_config": 5.9604644775390625e-06,
  "step_minimize_bit_width": 0.007837057113647461,
  "step_generate_estimate_reports": 4.863739013671875e-05,
  "step_hw_codegen": 0.14082121849060059,
  "step_hw_ipgen": 0.05141782760620117,
  "step_set_fifo_depths": 44.26852536201477,
  "step_create_stitched_ip": 41.27696251869202,
  "step_measure_rtlsim_performance": 1.651601791381836,
  "step_out_of_context_synthesis": 172.92783665657043,
  "step_synthesize_bitfile": 5.7220458984375e-06,
  "step_make_pynq_driver": 2.6226043701171875e-06,
  "step_deployment_package": 2.6226043701171875e-06
}