{
  "step_qonnx_to_finn": 4.267692565917969e-05,
  "step_tidy_up": 0.028135299682617188,
  "step_streamline": 1.3455910682678223,
  "step_convert_to_hw": 0.042142391204833984,
  "step_create_dataflow_partition": 0.007796049118041992,
  "step_specialize_layers": 0.0021712779998779297,
  "step_target_fps_parallelization": 0.0032453536987304688,
  "step_apply_folding_config": 5.245208740234375e-06,
  "step_minimize_bit_width": 0.0019266605377197266,
  "step_generate_estimate_reports": 2.86102294921875e-06,
  "step_hw_codegen": 0.007939338684082031,
  "step_hw_ipgen": 0.029926776885986328,
  "step_set_fifo_depths": 36.13685750961304,
  "step_create_stitched_ip": 34.80128502845764,
  "step_measure_rtlsim_performance": 1.3623936176300049,
  "step_out_of_context_synthesis": 155.04612517356873,
  "step_synthesize_bitfile": 4.291534423828125e-06,
  "step_make_pynq_driver": 3.337860107421875e-06,
  "step_deployment_package": 2.384185791015625e-06
}