{
  "step_qonnx_to_finn": 3.838539123535156e-05,
  "step_tidy_up": 0.02660822868347168,
  "step_streamline": 1.7537198066711426,
  "step_convert_to_hw": 0.03661084175109863,
  "step_create_dataflow_partition": 0.0067174434661865234,
  "step_specialize_layers": 0.0015954971313476562,
  "step_target_fps_parallelization": 0.0029723644256591797,
  "step_apply_folding_config": 3.814697265625e-06,
  "step_minimize_bit_width": 0.0018031597137451172,
  "step_generate_estimate_reports": 0.0063593387603759766
}