{
  "step_qonnx_to_finn": 3.409385681152344e-05,
  "step_tidy_up": 0.026012897491455078,
  "step_streamline": 1.2867865562438965,
  "step_convert_to_hw": 0.0477604866027832,
  "step_create_dataflow_partition": 0.009186267852783203,
  "step_specialize_layers": 0.002389192581176758,
  "step_target_fps_parallelization": 0.0041103363037109375,
  "step_apply_folding_config": 5.7220458984375e-06,
  "step_minimize_bit_width": 0.004622459411621094,
  "step_generate_estimate_reports": 4.0531158447265625e-06,
  "step_hw_codegen": 0.04360222816467285,
  "step_hw_ipgen": 0.041167259216308594,
  "step_set_fifo_depths": 42.978779554367065,
  "step_create_stitched_ip": 41.323235273361206,
  "step_measure_rtlsim_performance": 1.5599069595336914,
  "step_out_of_context_synthesis": 166.25553035736084,
  "step_synthesize_bitfile": 0.00011873245239257812,
  "step_make_pynq_driver": 2.5510787963867188e-05,
  "step_deployment_package": 1.3589859008789062e-05
}