{
  "step_qonnx_to_finn": 4.0531158447265625e-05,
  "step_tidy_up": 0.028873443603515625,
  "step_streamline": 1.286020278930664,
  "step_convert_to_hw": 0.04064536094665527,
  "step_create_dataflow_partition": 0.008855342864990234,
  "step_specialize_layers": 0.0019314289093017578,
  "step_target_fps_parallelization": 0.0033278465270996094,
  "step_apply_folding_config": 5.245208740234375e-06,
  "step_minimize_bit_width": 0.0018875598907470703,
  "step_generate_estimate_reports": 3.0994415283203125e-06,
  "step_hw_codegen": 0.009203433990478516,
  "step_hw_ipgen": 0.03461718559265137,
  "step_set_fifo_depths": 37.1377854347229,
  "step_create_stitched_ip": 34.15896725654602,
  "step_measure_rtlsim_performance": 1.4307687282562256,
  "step_out_of_context_synthesis": 155.24514627456665,
  "step_synthesize_bitfile": 4.291534423828125e-06,
  "step_make_pynq_driver": 4.76837158203125e-06,
  "step_deployment_package": 2.1457672119140625e-06
}