{
  "step_qonnx_to_finn": 4.4345855712890625e-05,
  "step_tidy_up": 0.02689504623413086,
  "step_streamline": 1.1951639652252197,
  "step_convert_to_hw": 0.03723573684692383,
  "step_create_dataflow_partition": 0.007506608963012695,
  "step_specialize_layers": 0.0016093254089355469,
  "step_target_fps_parallelization": 0.002879619598388672,
  "step_apply_folding_config": 3.337860107421875e-06,
  "step_minimize_bit_width": 0.0018000602722167969,
  "step_generate_estimate_reports": 0.006010532379150391
}