{
  "step_qonnx_to_finn": 5.817413330078125e-05,
  "step_tidy_up": 0.08394265174865723,
  "step_streamline": 4.024175405502319,
  "step_convert_to_hw": 0.11768412590026855,
  "step_create_dataflow_partition": 0.02015852928161621,
  "step_specialize_layers": 0.0017311573028564453,
  "step_target_fps_parallelization": 0.0031261444091796875,
  "step_apply_folding_config": 4.76837158203125e-06,
  "step_minimize_bit_width": 0.0019655227661132812,
  "step_generate_estimate_reports": 3.0994415283203125e-06,
  "step_hw_codegen": 0.007088422775268555,
  "step_hw_ipgen": 0.030462265014648438,
  "step_set_fifo_depths": 35.98976945877075,
  "step_create_stitched_ip": 34.74276661872864,
  "step_measure_rtlsim_performance": 1.262751817703247,
  "step_out_of_context_synthesis": 146.49613118171692,
  "step_synthesize_bitfile": 4.291534423828125e-06,
  "step_make_pynq_driver": 4.76837158203125e-06,
  "step_deployment_package": 2.384185791015625e-06
}