{
  "step_qonnx_to_finn": 5.8650970458984375e-05,
  "step_tidy_up": 0.08167219161987305,
  "step_streamline": 3.9676015377044678,
  "step_convert_to_hw": 0.1265714168548584,
  "step_create_dataflow_partition": 0.0176084041595459,
  "step_specialize_layers": 0.00203704833984375,
  "step_target_fps_parallelization": 0.00416111946105957,
  "step_apply_folding_config": 4.5299530029296875e-06,
  "step_minimize_bit_width": 0.00670313835144043,
  "step_generate_estimate_reports": 3.24249267578125e-05,
  "step_hw_codegen": 0.1315779685974121,
  "step_hw_ipgen": 0.0383448600769043,
  "step_set_fifo_depths": 42.14493274688721,
  "step_create_stitched_ip": 39.40691590309143,
  "step_measure_rtlsim_performance": 1.455946683883667,
  "step_out_of_context_synthesis": 165.34394717216492,
  "step_synthesize_bitfile": 2.0265579223632812e-05,
  "step_make_pynq_driver": 3.0994415283203125e-06,
  "step_deployment_package": 2.6226043701171875e-06
}