{
  "step_qonnx_to_finn": 4.696846008300781e-05,
  "step_tidy_up": 0.03345441818237305,
  "step_streamline": 1.6828608512878418,
  "step_convert_to_hw": 0.054883718490600586,
  "step_create_dataflow_partition": 0.020111083984375,
  "step_specialize_layers": 0.002278566360473633,
  "step_target_fps_parallelization": 0.0045163631439208984,
  "step_apply_folding_config": 5.4836273193359375e-06,
  "step_minimize_bit_width": 0.0026504993438720703,
  "step_generate_estimate_reports": 4.291534423828125e-06,
  "step_hw_codegen": 0.009053945541381836,
  "step_hw_ipgen": 0.03164219856262207,
  "step_set_fifo_depths": 46.81058955192566,
  "step_create_stitched_ip": 41.826570987701416,
  "step_measure_rtlsim_performance": 1.8834357261657715,
  "step_out_of_context_synthesis": 217.21729183197021,
  "step_synthesize_bitfile": 7.152557373046875e-06,
  "step_make_pynq_driver": 3.814697265625e-06,
  "step_deployment_package": 4.5299530029296875e-06
}