{
  "step_qonnx_to_finn": 3.457069396972656e-05,
  "step_tidy_up": 0.02652764320373535,
  "step_streamline": 1.330327033996582,
  "step_convert_to_hw": 0.046243906021118164,
  "step_create_dataflow_partition": 0.0183258056640625,
  "step_specialize_layers": 0.002276897430419922,
  "step_target_fps_parallelization": 0.003949880599975586,
  "step_apply_folding_config": 6.198883056640625e-06,
  "step_minimize_bit_width": 0.014326095581054688,
  "step_generate_estimate_reports": 4.0531158447265625e-06,
  "step_hw_codegen": 0.5030162334442139,
  "step_hw_ipgen": 0.04468584060668945,
  "step_set_fifo_depths": 43.28502368927002,
  "step_create_stitched_ip": 42.43103075027466,
  "step_measure_rtlsim_performance": 1.7886033058166504,
  "step_out_of_context_synthesis": 200.8084454536438,
  "step_synthesize_bitfile": 3.790855407714844e-05,
  "step_make_pynq_driver": 2.1457672119140625e-06,
  "step_deployment_package": 2.86102294921875e-06
}