{
  "step_qonnx_to_finn": 3.2901763916015625e-05,
  "step_tidy_up": 0.026787519454956055,
  "step_streamline": 1.2464704513549805,
  "step_convert_to_hw": 0.038175344467163086,
  "step_create_dataflow_partition": 0.016735076904296875,
  "step_specialize_layers": 0.0015573501586914062,
  "step_target_fps_parallelization": 0.0032896995544433594,
  "step_apply_folding_config": 4.291534423828125e-06,
  "step_minimize_bit_width": 0.0021157264709472656,
  "step_generate_estimate_reports": 3.0994415283203125e-06,
  "step_hw_codegen": 0.007158041000366211,
  "step_hw_ipgen": 0.026065826416015625,
  "step_set_fifo_depths": 35.526469707489014,
  "step_create_stitched_ip": 34.38133525848389,
  "step_measure_rtlsim_performance": 1.4308080673217773,
  "step_out_of_context_synthesis": 159.8824701309204,
  "step_synthesize_bitfile": 4.5299530029296875e-06,
  "step_make_pynq_driver": 4.5299530029296875e-06,
  "step_deployment_package": 2.86102294921875e-06
}