{
  "step_qonnx_to_finn": 6.4849853515625e-05,
  "step_tidy_up": 0.08851265907287598,
  "step_streamline": 4.277789831161499,
  "step_convert_to_hw": 0.11841487884521484,
  "step_create_dataflow_partition": 0.018868207931518555,
  "step_specialize_layers": 0.0019888877868652344,
  "step_target_fps_parallelization": 0.0034868717193603516,
  "step_apply_folding_config": 5.245208740234375e-06,
  "step_minimize_bit_width": 0.0019063949584960938,
  "step_generate_estimate_reports": 3.814697265625e-06,
  "step_hw_codegen": 0.00822138786315918,
  "step_hw_ipgen": 0.0280914306640625,
  "step_set_fifo_depths": 36.40035605430603,
  "step_create_stitched_ip": 34.420310258865356,
  "step_measure_rtlsim_performance": 1.3107223510742188,
  "step_out_of_context_synthesis": 153.96670055389404,
  "step_synthesize_bitfile": 1.430511474609375e-05,
  "step_make_pynq_driver": 4.0531158447265625e-06,
  "step_deployment_package": 2.1457672119140625e-06
}