{
  "step_qonnx_to_finn": 7.224082946777344e-05,
  "step_tidy_up": 0.08595657348632812,
  "step_streamline": 3.9858789443969727,
  "step_convert_to_hw": 0.12751555442810059,
  "step_create_dataflow_partition": 0.01793360710144043,
  "step_specialize_layers": 0.0024127960205078125,
  "step_target_fps_parallelization": 0.0038907527923583984,
  "step_apply_folding_config": 4.5299530029296875e-06,
  "step_minimize_bit_width": 0.012703418731689453,
  "step_generate_estimate_reports": 1.4543533325195312e-05,
  "step_hw_codegen": 0.5022711753845215,
  "step_hw_ipgen": 0.028867721557617188,
  "step_set_fifo_depths": 41.9711799621582,
  "step_create_stitched_ip": 39.9613676071167,
  "step_measure_rtlsim_performance": 1.5766925811767578,
  "step_out_of_context_synthesis": 191.03237128257751,
  "step_synthesize_bitfile": 5.9604644775390625e-06,
  "step_make_pynq_driver": 2.384185791015625e-06,
  "step_deployment_package": 4.0531158447265625e-06
}