{
  "step_qonnx_to_finn": 5.53131103515625e-05,
  "step_tidy_up": 0.058951377868652344,
  "step_streamline": 5.321475982666016,
  "step_convert_to_hw": 0.07959294319152832,
  "step_create_dataflow_partition": 0.013947486877441406,
  "step_specialize_layers": 0.001748800277709961,
  "step_target_fps_parallelization": 0.003383636474609375,
  "step_apply_folding_config": 4.291534423828125e-06,
  "step_minimize_bit_width": 0.0018641948699951172,
  "step_generate_estimate_reports": 0.0053348541259765625
}