{
  "step_qonnx_to_finn": 5.9604644775390625e-05,
  "step_tidy_up": 0.08424830436706543,
  "step_streamline": 3.9549288749694824,
  "step_convert_to_hw": 0.11096882820129395,
  "step_create_dataflow_partition": 0.01785135269165039,
  "step_specialize_layers": 0.002052783966064453,
  "step_target_fps_parallelization": 0.0032880306243896484,
  "step_apply_folding_config": 4.5299530029296875e-06,
  "step_minimize_bit_width": 0.0019555091857910156,
  "step_generate_estimate_reports": 3.0994415283203125e-06,
  "step_hw_codegen": 0.0073430538177490234,
  "step_hw_ipgen": 0.02607107162475586,
  "step_set_fifo_depths": 34.49074935913086,
  "step_create_stitched_ip": 32.89060044288635,
  "step_measure_rtlsim_performance": 1.2539699077606201,
  "step_out_of_context_synthesis": 140.5642955303192,
  "step_synthesize_bitfile": 1.71661376953125e-05,
  "step_make_pynq_driver": 2.86102294921875e-06,
  "step_deployment_package": 1.9073486328125e-06
}