{
  "step_qonnx_to_finn": 0.00013875961303710938,
  "step_tidy_up": 0.08714461326599121,
  "step_streamline": 4.091156005859375,
  "step_convert_to_hw": 0.1304337978363037,
  "step_create_dataflow_partition": 0.03266119956970215,
  "step_specialize_layers": 0.0026569366455078125,
  "step_target_fps_parallelization": 0.004484653472900391,
  "step_apply_folding_config": 4.76837158203125e-06,
  "step_minimize_bit_width": 0.007363557815551758,
  "step_generate_estimate_reports": 1.7881393432617188e-05,
  "step_hw_codegen": 0.14295005798339844,
  "step_hw_ipgen": 0.04111051559448242,
  "step_set_fifo_depths": 41.48086166381836,
  "step_create_stitched_ip": 39.85399794578552,
  "step_measure_rtlsim_performance": 1.480670690536499,
  "step_out_of_context_synthesis": 165.0614674091339,
  "step_synthesize_bitfile": 5.245208740234375e-06,
  "step_make_pynq_driver": 2.6226043701171875e-06,
  "step_deployment_package": 1.8358230590820312e-05
}