{
  "step_qonnx_to_finn": 0.0002570152282714844,
  "step_tidy_up": 0.13870978355407715,
  "step_streamline": 5.908511161804199,
  "step_convert_to_hw": 0.21810436248779297,
  "step_create_dataflow_partition": 0.07418632507324219,
  "step_specialize_layers": 0.00389862060546875,
  "step_target_fps_parallelization": 0.008161544799804688,
  "step_apply_folding_config": 4.76837158203125e-06,
  "step_minimize_bit_width": 0.005360841751098633,
  "step_generate_estimate_reports": 0.0008094310760498047,
  "step_hw_codegen": 0.028551101684570312,
  "step_hw_ipgen": 0.07835698127746582,
  "step_set_fifo_depths": 54.24629473686218,
  "step_create_stitched_ip": 44.38944339752197,
  "step_measure_rtlsim_performance": 1.7846858501434326,
  "step_out_of_context_synthesis": 203.9548258781433,
  "step_synthesize_bitfile": 4.7206878662109375e-05,
  "step_make_pynq_driver": 5.0067901611328125e-06,
  "step_deployment_package": 6.222724914550781e-05
}