{
  "step_qonnx_to_finn": 8.106231689453125e-05,
  "step_tidy_up": 0.11073756217956543,
  "step_streamline": 7.638116836547852,
  "step_convert_to_hw": 0.17735886573791504,
  "step_create_dataflow_partition": 0.027092456817626953,
  "step_specialize_layers": 0.0023899078369140625,
  "step_target_fps_parallelization": 0.004279613494873047,
  "step_apply_folding_config": 4.5299530029296875e-06,
  "step_minimize_bit_width": 0.003112316131591797,
  "step_generate_estimate_reports": 4.76837158203125e-06,
  "step_hw_codegen": 0.01141977310180664,
  "step_hw_ipgen": 0.0330805778503418,
  "step_set_fifo_depths": 44.66117334365845,
  "step_create_stitched_ip": 42.381019830703735,
  "step_measure_rtlsim_performance": 1.833324670791626,
  "step_out_of_context_synthesis": 202.37341570854187,
  "step_synthesize_bitfile": 6.9141387939453125e-06,
  "step_make_pynq_driver": 5.0067901611328125e-06,
  "step_deployment_package": 3.0994415283203125e-06
}