{
  "step_qonnx_to_finn": 6.437301635742188e-05,
  "step_tidy_up": 0.08660650253295898,
  "step_streamline": 4.058768272399902,
  "step_convert_to_hw": 0.11426305770874023,
  "step_create_dataflow_partition": 0.01808786392211914,
  "step_specialize_layers": 0.002492189407348633,
  "step_target_fps_parallelization": 0.003434896469116211,
  "step_apply_folding_config": 5.245208740234375e-06,
  "step_minimize_bit_width": 0.0020003318786621094,
  "step_generate_estimate_reports": 3.337860107421875e-06,
  "step_hw_codegen": 0.017449140548706055,
  "step_hw_ipgen": 0.02562117576599121,
  "step_set_fifo_depths": 35.240029096603394,
  "step_create_stitched_ip": 33.50797986984253,
  "step_measure_rtlsim_performance": 1.2778196334838867,
  "step_out_of_context_synthesis": 149.6914882659912,
  "step_synthesize_bitfile": 4.0531158447265625e-06,
  "step_make_pynq_driver": 2.288818359375e-05,
  "step_deployment_package": 2.384185791015625e-06
}