{
  "step_qonnx_to_finn": 7.581710815429688e-05,
  "step_tidy_up": 0.08391213417053223,
  "step_streamline": 4.155441045761108,
  "step_convert_to_hw": 0.13199853897094727,
  "step_create_dataflow_partition": 0.017866849899291992,
  "step_specialize_layers": 0.0021584033966064453,
  "step_target_fps_parallelization": 0.003925800323486328,
  "step_apply_folding_config": 5.245208740234375e-06,
  "step_minimize_bit_width": 0.004120588302612305,
  "step_generate_estimate_reports": 3.5762786865234375e-06,
  "step_hw_codegen": 0.05165982246398926,
  "step_hw_ipgen": 0.030497312545776367,
  "step_set_fifo_depths": 42.93621206283569,
  "step_create_stitched_ip": 40.4693329334259,
  "step_measure_rtlsim_performance": 1.6244511604309082,
  "step_out_of_context_synthesis": 156.3554117679596,
  "step_synthesize_bitfile": 4.76837158203125e-06,
  "step_make_pynq_driver": 2.86102294921875e-06,
  "step_deployment_package": 2.6226043701171875e-06
}