{
  "step_qonnx_to_finn": 4.0531158447265625e-05,
  "step_tidy_up": 0.025626659393310547,
  "step_streamline": 1.2136282920837402,
  "step_convert_to_hw": 0.038889169692993164,
  "step_create_dataflow_partition": 0.006635904312133789,
  "step_specialize_layers": 0.001806497573852539,
  "step_target_fps_parallelization": 0.0032188892364501953,
  "step_apply_folding_config": 4.291534423828125e-06,
  "step_minimize_bit_width": 0.0018200874328613281,
  "step_generate_estimate_reports": 0.0054225921630859375
}