{
  "step_qonnx_to_finn": 4.673004150390625e-05,
  "step_tidy_up": 0.039830684661865234,
  "step_streamline": 1.9175770282745361,
  "step_convert_to_hw": 0.07005953788757324,
  "step_create_dataflow_partition": 0.010513544082641602,
  "step_specialize_layers": 0.0022623538970947266,
  "step_target_fps_parallelization": 0.004117250442504883,
  "step_apply_folding_config": 4.5299530029296875e-06,
  "step_minimize_bit_width": 0.007126331329345703,
  "step_generate_estimate_reports": 3.0994415283203125e-06,
  "step_hw_codegen": 0.14206624031066895,
  "step_hw_ipgen": 0.03403520584106445,
  "step_set_fifo_depths": 41.22830367088318,
  "step_create_stitched_ip": 39.69054198265076,
  "step_measure_rtlsim_performance": 1.5207548141479492,
  "step_out_of_context_synthesis": 161.7675907611847,
  "step_synthesize_bitfile": 5.4836273193359375e-06,
  "step_make_pynq_driver": 2.384185791015625e-06,
  "step_deployment_package": 2.86102294921875e-06
}