{
  "step_qonnx_to_finn": 3.838539123535156e-05,
  "step_tidy_up": 0.04203057289123535,
  "step_streamline": 2.0559258460998535,
  "step_convert_to_hw": 0.05968117713928223,
  "step_create_dataflow_partition": 0.00955963134765625,
  "step_specialize_layers": 0.0017211437225341797,
  "step_target_fps_parallelization": 0.003372669219970703,
  "step_apply_folding_config": 5.0067901611328125e-06,
  "step_minimize_bit_width": 0.0018811225891113281,
  "step_generate_estimate_reports": 2.384185791015625e-06,
  "step_hw_codegen": 0.008667469024658203,
  "step_hw_ipgen": 0.02758932113647461,
  "step_set_fifo_depths": 35.96148490905762,
  "step_create_stitched_ip": 33.99594306945801,
  "step_measure_rtlsim_performance": 1.2888312339782715,
  "step_out_of_context_synthesis": 147.1040871143341,
  "step_synthesize_bitfile": 4.0531158447265625e-06,
  "step_make_pynq_driver": 4.0531158447265625e-06,
  "step_deployment_package": 2.384185791015625e-06
}