{
  "step_qonnx_to_finn": 5.245208740234375e-05,
  "step_tidy_up": 0.062207937240600586,
  "step_streamline": 2.8043744564056396,
  "step_convert_to_hw": 0.09037661552429199,
  "step_create_dataflow_partition": 0.012050390243530273,
  "step_specialize_layers": 0.002744913101196289,
  "step_target_fps_parallelization": 0.003995180130004883,
  "step_apply_folding_config": 4.5299530029296875e-06,
  "step_minimize_bit_width": 0.005843639373779297,
  "step_generate_estimate_reports": 3.814697265625e-06,
  "step_hw_codegen": 0.12995123863220215,
  "step_hw_ipgen": 0.03703498840332031,
  "step_set_fifo_depths": 41.959296226501465,
  "step_create_stitched_ip": 40.91985273361206,
  "step_measure_rtlsim_performance": 1.592555284500122,
  "step_out_of_context_synthesis": 162.74878478050232,
  "step_synthesize_bitfile": 6.198883056640625e-06,
  "step_make_pynq_driver": 3.814697265625e-06,
  "step_deployment_package": 3.5762786865234375e-06
}