{
  "step_qonnx_to_finn": 7.224082946777344e-05,
  "step_tidy_up": 0.07935523986816406,
  "step_streamline": 4.017997980117798,
  "step_convert_to_hw": 0.11962342262268066,
  "step_create_dataflow_partition": 0.019954442977905273,
  "step_specialize_layers": 0.0025267601013183594,
  "step_target_fps_parallelization": 0.004691362380981445,
  "step_apply_folding_config": 5.4836273193359375e-06,
  "step_minimize_bit_width": 0.0031986236572265625,
  "step_generate_estimate_reports": 5.0067901611328125e-06,
  "step_hw_codegen": 0.011631011962890625,
  "step_hw_ipgen": 0.03482651710510254,
  "step_set_fifo_depths": 48.64936327934265,
  "step_create_stitched_ip": 48.149179220199585,
  "step_measure_rtlsim_performance": 1.8007886409759521,
  "step_out_of_context_synthesis": 213.05195307731628,
  "step_synthesize_bitfile": 6.198883056640625e-06,
  "step_make_pynq_driver": 3.0994415283203125e-06,
  "step_deployment_package": 2.86102294921875e-06
}