{
  "step_qonnx_to_finn": 4.839897155761719e-05,
  "step_tidy_up": 0.06006145477294922,
  "step_streamline": 2.9000933170318604,
  "step_convert_to_hw": 0.08518242835998535,
  "step_create_dataflow_partition": 0.013298511505126953,
  "step_specialize_layers": 0.0017504692077636719,
  "step_target_fps_parallelization": 0.0034525394439697266,
  "step_apply_folding_config": 5.0067901611328125e-06,
  "step_minimize_bit_width": 0.00229644775390625,
  "step_generate_estimate_reports": 2.86102294921875e-06,
  "step_hw_codegen": 0.007208824157714844,
  "step_hw_ipgen": 0.02649545669555664,
  "step_set_fifo_depths": 36.082053899765015,
  "step_create_stitched_ip": 34.750776290893555,
  "step_measure_rtlsim_performance": 1.3640131950378418,
  "step_out_of_context_synthesis": 148.6218090057373,
  "step_synthesize_bitfile": 3.814697265625e-06,
  "step_make_pynq_driver": 4.0531158447265625e-06,
  "step_deployment_package": 1.9073486328125e-06
}