{
  "step_qonnx_to_finn": 6.103515625e-05,
  "step_tidy_up": 0.08714461326599121,
  "step_streamline": 4.019577741622925,
  "step_convert_to_hw": 0.11197829246520996,
  "step_create_dataflow_partition": 0.015830278396606445,
  "step_specialize_layers": 0.001684427261352539,
  "step_target_fps_parallelization": 0.002940654754638672,
  "step_apply_folding_config": 3.5762786865234375e-06,
  "step_minimize_bit_width": 0.0017070770263671875,
  "step_generate_estimate_reports": 0.005511283874511719
}