{
  "step_qonnx_to_finn": 5.4836273193359375e-05,
  "step_tidy_up": 0.08124256134033203,
  "step_streamline": 3.938938617706299,
  "step_convert_to_hw": 0.11354207992553711,
  "step_create_dataflow_partition": 0.026362180709838867,
  "step_specialize_layers": 0.0015897750854492188,
  "step_target_fps_parallelization": 0.0030889511108398438,
  "step_apply_folding_config": 3.5762786865234375e-06,
  "step_minimize_bit_width": 0.0018029212951660156,
  "step_generate_estimate_reports": 0.00610661506652832
}