{
  "step_qonnx_to_finn": 6.580352783203125e-05,
  "step_tidy_up": 0.08722424507141113,
  "step_streamline": 3.9624645709991455,
  "step_convert_to_hw": 0.10961151123046875,
  "step_create_dataflow_partition": 0.01707172393798828,
  "step_specialize_layers": 0.0022025108337402344,
  "step_target_fps_parallelization": 0.0030260086059570312,
  "step_apply_folding_config": 4.291534423828125e-06,
  "step_minimize_bit_width": 0.0018589496612548828,
  "step_generate_estimate_reports": 0.006803750991821289
}