{
  "step_qonnx_to_finn": 4.9591064453125e-05,
  "step_tidy_up": 0.05964970588684082,
  "step_streamline": 2.8550376892089844,
  "step_convert_to_hw": 0.08357882499694824,
  "step_create_dataflow_partition": 0.014064788818359375,
  "step_specialize_layers": 0.0017523765563964844,
  "step_target_fps_parallelization": 0.00351715087890625,
  "step_apply_folding_config": 5.245208740234375e-06,
  "step_minimize_bit_width": 0.002153158187866211,
  "step_generate_estimate_reports": 2.3126602172851562e-05,
  "step_hw_codegen": 0.008860111236572266,
  "step_hw_ipgen": 0.027066946029663086,
  "step_set_fifo_depths": 34.72202825546265,
  "step_create_stitched_ip": 33.554683208465576,
  "step_measure_rtlsim_performance": 1.297534465789795,
  "step_out_of_context_synthesis": 150.1274266242981,
  "step_synthesize_bitfile": 3.337860107421875e-06,
  "step_make_pynq_driver": 2.86102294921875e-06,
  "step_deployment_package": 1.9073486328125e-06
}