{
  "step_qonnx_to_finn": 6.29425048828125e-05,
  "step_tidy_up": 0.05745434761047363,
  "step_streamline": 2.62248158454895,
  "step_convert_to_hw": 0.07678747177124023,
  "step_create_dataflow_partition": 0.02337336540222168,
  "step_specialize_layers": 0.0030035972595214844,
  "step_target_fps_parallelization": 0.0032453536987304688,
  "step_apply_folding_config": 3.5762786865234375e-06,
  "step_minimize_bit_width": 0.0020182132720947266,
  "step_generate_estimate_reports": 1.7881393432617188e-05,
  "step_hw_codegen": 0.007695913314819336,
  "step_hw_ipgen": 0.023830890655517578,
  "step_set_fifo_depths": 35.59201407432556,
  "step_create_stitched_ip": 33.611064195632935,
  "step_measure_rtlsim_performance": 1.1517817974090576,
  "step_out_of_context_synthesis": 155.80073356628418,
  "step_synthesize_bitfile": 3.814697265625e-06,
  "step_make_pynq_driver": 2.6226043701171875e-06,
  "step_deployment_package": 2.6226043701171875e-06
}