{
  "step_qonnx_to_finn": 5.1021575927734375e-05,
  "step_tidy_up": 0.06089591979980469,
  "step_streamline": 2.7833304405212402,
  "step_convert_to_hw": 0.09964537620544434,
  "step_create_dataflow_partition": 0.01542043685913086,
  "step_specialize_layers": 0.0020291805267333984,
  "step_target_fps_parallelization": 0.004557609558105469,
  "step_apply_folding_config": 5.0067901611328125e-06,
  "step_minimize_bit_width": 0.014290094375610352,
  "step_generate_estimate_reports": 8.845329284667969e-05,
  "step_hw_codegen": 0.4820408821105957,
  "step_hw_ipgen": 0.028018712997436523,
  "step_set_fifo_depths": 42.149559020996094,
  "step_create_stitched_ip": 39.486878633499146,
  "step_measure_rtlsim_performance": 1.5360305309295654,
  "step_out_of_context_synthesis": 184.7714581489563,
  "step_synthesize_bitfile": 5.4836273193359375e-06,
  "step_make_pynq_driver": 2.6226043701171875e-06,
  "step_deployment_package": 3.0994415283203125e-06
}