{
  "step_qonnx_to_finn": 5.841255187988281e-05,
  "step_tidy_up": 0.08260989189147949,
  "step_streamline": 3.926088809967041,
  "step_convert_to_hw": 0.11140251159667969,
  "step_create_dataflow_partition": 0.02751755714416504,
  "step_specialize_layers": 0.0016100406646728516,
  "step_target_fps_parallelization": 0.003019571304321289,
  "step_apply_folding_config": 3.814697265625e-06,
  "step_minimize_bit_width": 0.002090930938720703,
  "step_generate_estimate_reports": 0.007185935974121094
}