{
  "step_qonnx_to_finn": 4.696846008300781e-05,
  "step_tidy_up": 0.053256988525390625,
  "step_streamline": 2.6098132133483887,
  "step_convert_to_hw": 0.07799124717712402,
  "step_create_dataflow_partition": 0.010893821716308594,
  "step_specialize_layers": 0.0015797615051269531,
  "step_target_fps_parallelization": 0.003108501434326172,
  "step_apply_folding_config": 3.5762786865234375e-06,
  "step_minimize_bit_width": 0.0020384788513183594,
  "step_generate_estimate_reports": 2.6226043701171875e-06,
  "step_hw_codegen": 0.006635904312133789,
  "step_hw_ipgen": 0.02241039276123047,
  "step_set_fifo_depths": 35.339526653289795,
  "step_create_stitched_ip": 33.933061838150024,
  "step_measure_rtlsim_performance": 3.838526964187622,
  "step_out_of_context_synthesis": 147.64634251594543,
  "step_synthesize_bitfile": 3.5762786865234375e-06,
  "step_make_pynq_driver": 2.6226043701171875e-06,
  "step_deployment_package": 1.9073486328125e-06
}