{
  "step_qonnx_to_finn": 5.1975250244140625e-05,
  "step_tidy_up": 0.05712461471557617,
  "step_streamline": 3.0155704021453857,
  "step_convert_to_hw": 0.09586143493652344,
  "step_create_dataflow_partition": 0.014649152755737305,
  "step_specialize_layers": 0.00194549560546875,
  "step_target_fps_parallelization": 0.0034580230712890625,
  "step_apply_folding_config": 5.9604644775390625e-06,
  "step_minimize_bit_width": 0.0021338462829589844,
  "step_generate_estimate_reports": 3.337860107421875e-06,
  "step_hw_codegen": 0.008822202682495117,
  "step_hw_ipgen": 0.02873373031616211,
  "step_set_fifo_depths": 36.06963014602661,
  "step_create_stitched_ip": 34.53427076339722,
  "step_measure_rtlsim_performance": 1.315920352935791,
  "step_out_of_context_synthesis": 160.70857095718384,
  "step_synthesize_bitfile": 1.3828277587890625e-05,
  "step_make_pynq_driver": 4.76837158203125e-06,
  "step_deployment_package": 3.0994415283203125e-06
}