{
  "step_qonnx_to_finn": 4.673004150390625e-05,
  "step_tidy_up": 0.05694913864135742,
  "step_streamline": 2.7467150688171387,
  "step_convert_to_hw": 0.09389591217041016,
  "step_create_dataflow_partition": 0.011504411697387695,
  "step_specialize_layers": 0.0023894309997558594,
  "step_target_fps_parallelization": 0.00436711311340332,
  "step_apply_folding_config": 5.4836273193359375e-06,
  "step_minimize_bit_width": 0.004068851470947266,
  "step_generate_estimate_reports": 3.337860107421875e-06,
  "step_hw_codegen": 0.03707480430603027,
  "step_hw_ipgen": 0.024829864501953125,
  "step_set_fifo_depths": 40.869128465652466,
  "step_create_stitched_ip": 40.01165056228638,
  "step_measure_rtlsim_performance": 1.3819961547851562,
  "step_out_of_context_synthesis": 152.73377895355225,
  "step_synthesize_bitfile": 5.7220458984375e-06,
  "step_make_pynq_driver": 2.6226043701171875e-06,
  "step_deployment_package": 2.6226043701171875e-06
}