{
  "step_qonnx_to_finn": 4.506111145019531e-05,
  "step_tidy_up": 0.02586674690246582,
  "step_streamline": 1.1954972743988037,
  "step_convert_to_hw": 0.03736138343811035,
  "step_create_dataflow_partition": 0.006455183029174805,
  "step_specialize_layers": 0.001985311508178711,
  "step_target_fps_parallelization": 0.0031409263610839844,
  "step_apply_folding_config": 3.814697265625e-06,
  "step_minimize_bit_width": 0.0017802715301513672,
  "step_generate_estimate_reports": 0.005615234375
}