{
  "step_qonnx_to_finn": 3.62396240234375e-05,
  "step_tidy_up": 0.03824949264526367,
  "step_streamline": 1.885117769241333,
  "step_convert_to_hw": 0.06815934181213379,
  "step_create_dataflow_partition": 0.01068878173828125,
  "step_specialize_layers": 0.001993894577026367,
  "step_target_fps_parallelization": 0.003886699676513672,
  "step_apply_folding_config": 4.76837158203125e-06,
  "step_minimize_bit_width": 0.01254415512084961,
  "step_generate_estimate_reports": 3.5762786865234375e-06,
  "step_hw_codegen": 0.49129486083984375,
  "step_hw_ipgen": 0.029059171676635742,
  "step_set_fifo_depths": 41.941725969314575,
  "step_create_stitched_ip": 39.43934106826782,
  "step_measure_rtlsim_performance": 1.5361952781677246,
  "step_out_of_context_synthesis": 183.33317708969116,
  "step_synthesize_bitfile": 4.76837158203125e-06,
  "step_make_pynq_driver": 2.6226043701171875e-06,
  "step_deployment_package": 3.337860107421875e-06
}