{
  "step_qonnx_to_finn": 3.24249267578125e-05,
  "step_tidy_up": 0.03689742088317871,
  "step_streamline": 1.7063617706298828,
  "step_convert_to_hw": 0.0518031120300293,
  "step_create_dataflow_partition": 0.007681846618652344,
  "step_specialize_layers": 0.001680135726928711,
  "step_target_fps_parallelization": 0.003062725067138672,
  "step_apply_folding_config": 3.337860107421875e-06,
  "step_minimize_bit_width": 0.0017118453979492188,
  "step_generate_estimate_reports": 2.6226043701171875e-06,
  "step_hw_codegen": 0.0061528682708740234,
  "step_hw_ipgen": 0.023537874221801758,
  "step_set_fifo_depths": 35.29359769821167,
  "step_create_stitched_ip": 33.656126976013184,
  "step_measure_rtlsim_performance": 1.075937271118164,
  "step_out_of_context_synthesis": 151.7073109149933,
  "step_synthesize_bitfile": 3.0994415283203125e-06,
  "step_make_pynq_driver": 2.6226043701171875e-06,
  "step_deployment_package": 1.430511474609375e-06
}