{
  "step_qonnx_to_finn": 4.315376281738281e-05,
  "step_tidy_up": 0.044767141342163086,
  "step_streamline": 2.0592572689056396,
  "step_convert_to_hw": 0.05972409248352051,
  "step_create_dataflow_partition": 0.010132312774658203,
  "step_specialize_layers": 0.001850128173828125,
  "step_target_fps_parallelization": 0.003387451171875,
  "step_apply_folding_config": 5.245208740234375e-06,
  "step_minimize_bit_width": 0.0021059513092041016,
  "step_generate_estimate_reports": 3.0994415283203125e-06,
  "step_hw_codegen": 0.00845956802368164,
  "step_hw_ipgen": 0.027740955352783203,
  "step_set_fifo_depths": 36.0342116355896,
  "step_create_stitched_ip": 34.42998003959656,
  "step_measure_rtlsim_performance": 1.3424456119537354,
  "step_out_of_context_synthesis": 160.2189540863037,
  "step_synthesize_bitfile": 4.0531158447265625e-06,
  "step_make_pynq_driver": 4.0531158447265625e-06,
  "step_deployment_package": 2.384185791015625e-06
}