{
  "step_qonnx_to_finn": 8.058547973632812e-05,
  "step_tidy_up": 0.08816742897033691,
  "step_streamline": 4.111370325088501,
  "step_convert_to_hw": 0.12418103218078613,
  "step_create_dataflow_partition": 0.03011155128479004,
  "step_specialize_layers": 0.0019118785858154297,
  "step_target_fps_parallelization": 0.003116130828857422,
  "step_apply_folding_config": 5.4836273193359375e-06,
  "step_minimize_bit_width": 0.0019686222076416016,
  "step_generate_estimate_reports": 3.337860107421875e-06,
  "step_hw_codegen": 0.007498025894165039,
  "step_hw_ipgen": 0.025590181350708008,
  "step_set_fifo_depths": 35.6095130443573,
  "step_create_stitched_ip": 33.79846477508545,
  "step_measure_rtlsim_performance": 1.354323387145996,
  "step_out_of_context_synthesis": 156.71502041816711,
  "step_synthesize_bitfile": 3.5762786865234375e-06,
  "step_make_pynq_driver": 3.5762786865234375e-06,
  "step_deployment_package": 2.384185791015625e-06
}