{
  "step_qonnx_to_finn": 7.390975952148438e-05,
  "step_tidy_up": 0.08398675918579102,
  "step_streamline": 3.9957070350646973,
  "step_convert_to_hw": 0.12567758560180664,
  "step_create_dataflow_partition": 0.02688741683959961,
  "step_specialize_layers": 0.002789020538330078,
  "step_target_fps_parallelization": 0.0036203861236572266,
  "step_apply_folding_config": 4.291534423828125e-06,
  "step_minimize_bit_width": 0.0038149356842041016,
  "step_generate_estimate_reports": 3.337860107421875e-06,
  "step_hw_codegen": 0.039190053939819336,
  "step_hw_ipgen": 0.03620266914367676,
  "step_set_fifo_depths": 41.05154991149902,
  "step_create_stitched_ip": 39.6850688457489,
  "step_measure_rtlsim_performance": 1.3885838985443115,
  "step_out_of_context_synthesis": 153.42245054244995,
  "step_synthesize_bitfile": 5.0067901611328125e-06,
  "step_make_pynq_driver": 2.86102294921875e-06,
  "step_deployment_package": 3.337860107421875e-06
}