{
  "step_qonnx_to_finn": 5.7697296142578125e-05,
  "step_tidy_up": 0.07684516906738281,
  "step_streamline": 3.734273910522461,
  "step_convert_to_hw": 0.11025166511535645,
  "step_create_dataflow_partition": 0.016416311264038086,
  "step_specialize_layers": 0.0019364356994628906,
  "step_target_fps_parallelization": 0.0031256675720214844,
  "step_apply_folding_config": 3.5762786865234375e-06,
  "step_minimize_bit_width": 0.002082347869873047,
  "step_generate_estimate_reports": 2.6226043701171875e-06,
  "step_hw_codegen": 0.0061187744140625,
  "step_hw_ipgen": 0.027400970458984375,
  "step_set_fifo_depths": 34.84632158279419,
  "step_create_stitched_ip": 34.225850343704224,
  "step_measure_rtlsim_performance": 1.146883249282837,
  "step_out_of_context_synthesis": 151.75741314888,
  "step_synthesize_bitfile": 3.814697265625e-06,
  "step_make_pynq_driver": 2.86102294921875e-06,
  "step_deployment_package": 1.430511474609375e-06
}