{
  "step_qonnx_to_finn": 3.170967102050781e-05,
  "step_tidy_up": 0.024751901626586914,
  "step_streamline": 1.2555620670318604,
  "step_convert_to_hw": 0.046637535095214844,
  "step_create_dataflow_partition": 0.02008843421936035,
  "step_specialize_layers": 0.0023016929626464844,
  "step_target_fps_parallelization": 0.0048673152923583984,
  "step_apply_folding_config": 5.0067901611328125e-06,
  "step_minimize_bit_width": 0.00533294677734375,
  "step_generate_estimate_reports": 3.886222839355469e-05,
  "step_hw_codegen": 0.050171613693237305,
  "step_hw_ipgen": 0.03792881965637207,
  "step_set_fifo_depths": 42.35995697975159,
  "step_create_stitched_ip": 39.87543511390686,
  "step_measure_rtlsim_performance": 1.5551748275756836,
  "step_out_of_context_synthesis": 153.45645928382874,
  "step_synthesize_bitfile": 4.76837158203125e-06,
  "step_make_pynq_driver": 2.86102294921875e-06,
  "step_deployment_package": 2.384185791015625e-06
}