{
  "step_qonnx_to_finn": 4.00543212890625e-05,
  "step_tidy_up": 0.026361703872680664,
  "step_streamline": 1.2565197944641113,
  "step_convert_to_hw": 0.040122270584106445,
  "step_create_dataflow_partition": 0.00691986083984375,
  "step_specialize_layers": 0.0017118453979492188,
  "step_target_fps_parallelization": 0.0035910606384277344,
  "step_apply_folding_config": 5.4836273193359375e-06,
  "step_minimize_bit_width": 0.001968860626220703,
  "step_generate_estimate_reports": 3.337860107421875e-06,
  "step_hw_codegen": 0.00709080696105957,
  "step_hw_ipgen": 0.028034448623657227,
  "step_set_fifo_depths": 34.52627229690552,
  "step_create_stitched_ip": 33.235260248184204,
  "step_measure_rtlsim_performance": 1.3272442817687988,
  "step_out_of_context_synthesis": 159.849054813385,
  "step_synthesize_bitfile": 5.7220458984375e-06,
  "step_make_pynq_driver": 4.76837158203125e-06,
  "step_deployment_package": 3.0994415283203125e-06
}