{
  "step_qonnx_to_finn": 2.8848648071289062e-05,
  "step_tidy_up": 0.02291560173034668,
  "step_streamline": 1.1203420162200928,
  "step_convert_to_hw": 0.034964799880981445,
  "step_create_dataflow_partition": 0.0058362483978271484,
  "step_specialize_layers": 0.0017199516296386719,
  "step_target_fps_parallelization": 0.0029168128967285156,
  "step_apply_folding_config": 3.5762786865234375e-06,
  "step_minimize_bit_width": 0.0017199516296386719,
  "step_generate_estimate_reports": 2.86102294921875e-06,
  "step_hw_codegen": 0.0059702396392822266,
  "step_hw_ipgen": 0.021796226501464844,
  "step_set_fifo_depths": 35.28751564025879,
  "step_create_stitched_ip": 33.906670570373535,
  "step_measure_rtlsim_performance": 1.1830081939697266,
  "step_out_of_context_synthesis": 148.72546768188477,
  "step_synthesize_bitfile": 2.86102294921875e-06,
  "step_make_pynq_driver": 2.384185791015625e-06,
  "step_deployment_package": 1.9073486328125e-06
}