{
  "step_qonnx_to_finn": 7.987022399902344e-05,
  "step_tidy_up": 0.11678624153137207,
  "step_streamline": 5.704930543899536,
  "step_convert_to_hw": 0.15522527694702148,
  "step_create_dataflow_partition": 0.02204298973083496,
  "step_specialize_layers": 0.002743244171142578,
  "step_target_fps_parallelization": 0.00489044189453125,
  "step_apply_folding_config": 4.0531158447265625e-06,
  "step_minimize_bit_width": 0.002375364303588867,
  "step_generate_estimate_reports": 3.814697265625e-06,
  "step_hw_codegen": 0.00941920280456543,
  "step_hw_ipgen": 0.03306102752685547,
  "step_set_fifo_depths": 47.19562125205994,
  "step_create_stitched_ip": 43.500075578689575,
  "step_measure_rtlsim_performance": 1.9244410991668701,
  "step_out_of_context_synthesis": 209.46940183639526,
  "step_synthesize_bitfile": 5.0067901611328125e-06,
  "step_make_pynq_driver": 3.814697265625e-06,
  "step_deployment_package": 3.337860107421875e-06
}