{
  "step_qonnx_to_finn": 5.888938903808594e-05,
  "step_tidy_up": 0.08675003051757812,
  "step_streamline": 4.023947238922119,
  "step_convert_to_hw": 0.12361812591552734,
  "step_create_dataflow_partition": 0.01696157455444336,
  "step_specialize_layers": 0.002249479293823242,
  "step_target_fps_parallelization": 0.004851818084716797,
  "step_apply_folding_config": 4.76837158203125e-06,
  "step_minimize_bit_width": 0.004227161407470703,
  "step_generate_estimate_reports": 3.337860107421875e-06,
  "step_hw_codegen": 0.04102730751037598,
  "step_hw_ipgen": 0.028198957443237305,
  "step_set_fifo_depths": 41.92662572860718,
  "step_create_stitched_ip": 39.77258849143982,
  "step_measure_rtlsim_performance": 1.3767006397247314,
  "step_out_of_context_synthesis": 155.68868231773376,
  "step_synthesize_bitfile": 4.76837158203125e-06,
  "step_make_pynq_driver": 2.6226043701171875e-06,
  "step_deployment_package": 2.384185791015625e-06
}