{
  "step_qonnx_to_finn": 5.888938903808594e-05,
  "step_tidy_up": 0.08684372901916504,
  "step_streamline": 4.025461196899414,
  "step_convert_to_hw": 0.11651921272277832,
  "step_create_dataflow_partition": 0.018491744995117188,
  "step_specialize_layers": 0.001970529556274414,
  "step_target_fps_parallelization": 0.0035212039947509766,
  "step_apply_folding_config": 5.245208740234375e-06,
  "step_minimize_bit_width": 0.0020644664764404297,
  "step_generate_estimate_reports": 3.337860107421875e-06,
  "step_hw_codegen": 0.008975028991699219,
  "step_hw_ipgen": 0.029549360275268555,
  "step_set_fifo_depths": 34.77015733718872,
  "step_create_stitched_ip": 33.43084716796875,
  "step_measure_rtlsim_performance": 1.25506591796875,
  "step_out_of_context_synthesis": 147.8192856311798,
  "step_synthesize_bitfile": 1.0967254638671875e-05,
  "step_make_pynq_driver": 3.337860107421875e-06,
  "step_deployment_package": 1.2159347534179688e-05
}