{
  "step_qonnx_to_finn": 3.5762786865234375e-05,
  "step_tidy_up": 0.02644181251525879,
  "step_streamline": 1.3195853233337402,
  "step_convert_to_hw": 0.04778122901916504,
  "step_create_dataflow_partition": 0.007605075836181641,
  "step_specialize_layers": 0.0029273033142089844,
  "step_target_fps_parallelization": 0.004355669021606445,
  "step_apply_folding_config": 9.059906005859375e-06,
  "step_minimize_bit_width": 0.005499601364135742,
  "step_generate_estimate_reports": 3.814697265625e-06,
  "step_hw_codegen": 0.04755043983459473,
  "step_hw_ipgen": 0.0319063663482666,
  "step_set_fifo_depths": 42.6285035610199,
  "step_create_stitched_ip": 41.38428235054016,
  "step_measure_rtlsim_performance": 1.4290997982025146,
  "step_out_of_context_synthesis": 159.902184009552,
  "step_synthesize_bitfile": 1.5497207641601562e-05,
  "step_make_pynq_driver": 1.9073486328125e-06,
  "step_deployment_package": 2.6226043701171875e-06
}