{
  "step_qonnx_to_finn": 6.556510925292969e-05,
  "step_tidy_up": 0.037090301513671875,
  "step_streamline": 1.5920813083648682,
  "step_convert_to_hw": 0.04802107810974121,
  "step_create_dataflow_partition": 0.011112213134765625,
  "step_specialize_layers": 0.0030105113983154297,
  "step_target_fps_parallelization": 0.011406660079956055,
  "step_apply_folding_config": 6.9141387939453125e-06,
  "step_minimize_bit_width": 0.003801107406616211,
  "step_generate_estimate_reports": 0.0001468658447265625,
  "step_hw_codegen": 0.021114349365234375,
  "step_hw_ipgen": 0.04528498649597168,
  "step_set_fifo_depths": 49.166014671325684,
  "step_create_stitched_ip": 45.89557361602783,
  "step_measure_rtlsim_performance": 1.9036345481872559,
  "step_out_of_context_synthesis": 211.28693556785583,
  "step_synthesize_bitfile": 5.4836273193359375e-06,
  "step_make_pynq_driver": 4.5299530029296875e-06,
  "step_deployment_package": 2.86102294921875e-06
}