{
  "step_qonnx_to_finn": 3.9577484130859375e-05,
  "step_tidy_up": 0.029621124267578125,
  "step_streamline": 1.3566036224365234,
  "step_convert_to_hw": 0.04258441925048828,
  "step_create_dataflow_partition": 0.02016282081604004,
  "step_specialize_layers": 0.0018200874328613281,
  "step_target_fps_parallelization": 0.0038690567016601562,
  "step_apply_folding_config": 6.4373016357421875e-06,
  "step_minimize_bit_width": 0.002285480499267578,
  "step_generate_estimate_reports": 4.5299530029296875e-06,
  "step_hw_codegen": 0.008017778396606445,
  "step_hw_ipgen": 0.02978205680847168,
  "step_set_fifo_depths": 36.878122091293335,
  "step_create_stitched_ip": 34.631279706954956,
  "step_measure_rtlsim_performance": 1.3110599517822266,
  "step_out_of_context_synthesis": 156.63184189796448,
  "step_synthesize_bitfile": 9.059906005859375e-06,
  "step_make_pynq_driver": 4.291534423828125e-06,
  "step_deployment_package": 2.1457672119140625e-06
}