{
  "step_qonnx_to_finn": 4.935264587402344e-05,
  "step_tidy_up": 0.05637502670288086,
  "step_streamline": 2.767810106277466,
  "step_convert_to_hw": 0.09164953231811523,
  "step_create_dataflow_partition": 0.013256311416625977,
  "step_specialize_layers": 0.0020275115966796875,
  "step_target_fps_parallelization": 0.0036344528198242188,
  "step_apply_folding_config": 5.0067901611328125e-06,
  "step_minimize_bit_width": 0.00574493408203125,
  "step_generate_estimate_reports": 3.814697265625e-06,
  "step_hw_codegen": 0.1272270679473877,
  "step_hw_ipgen": 0.02676248550415039,
  "step_set_fifo_depths": 41.33768630027771,
  "step_create_stitched_ip": 40.93792104721069,
  "step_measure_rtlsim_performance": 1.4055018424987793,
  "step_out_of_context_synthesis": 164.82765364646912,
  "step_synthesize_bitfile": 5.9604644775390625e-06,
  "step_make_pynq_driver": 3.337860107421875e-06,
  "step_deployment_package": 4.4345855712890625e-05
}