{
  "step_qonnx_to_finn": 8.487701416015625e-05,
  "step_tidy_up": 0.08774614334106445,
  "step_streamline": 3.965400457382202,
  "step_convert_to_hw": 0.11272549629211426,
  "step_create_dataflow_partition": 0.019083023071289062,
  "step_specialize_layers": 0.002483367919921875,
  "step_target_fps_parallelization": 0.00515294075012207,
  "step_apply_folding_config": 5.245208740234375e-06,
  "step_minimize_bit_width": 0.0024728775024414062,
  "step_generate_estimate_reports": 2.2172927856445312e-05,
  "step_hw_codegen": 0.012726306915283203,
  "step_hw_ipgen": 0.031280517578125,
  "step_set_fifo_depths": 48.963619232177734,
  "step_create_stitched_ip": 42.36643958091736,
  "step_measure_rtlsim_performance": 1.7651917934417725,
  "step_out_of_context_synthesis": 160.55654048919678,
  "step_synthesize_bitfile": 4.0531158447265625e-06,
  "step_make_pynq_driver": 1.9073486328125e-06,
  "step_deployment_package": 2.6226043701171875e-06
}