{
  "step_qonnx_to_finn": 6.079673767089844e-05,
  "step_tidy_up": 0.05797767639160156,
  "step_streamline": 2.788095712661743,
  "step_convert_to_hw": 0.0814824104309082,
  "step_create_dataflow_partition": 0.013257741928100586,
  "step_specialize_layers": 0.0019779205322265625,
  "step_target_fps_parallelization": 0.0038013458251953125,
  "step_apply_folding_config": 4.76837158203125e-06,
  "step_minimize_bit_width": 0.0021135807037353516,
  "step_generate_estimate_reports": 2.288818359375e-05,
  "step_hw_codegen": 0.00815582275390625,
  "step_hw_ipgen": 0.035669803619384766,
  "step_set_fifo_depths": 35.20793700218201,
  "step_create_stitched_ip": 33.60141086578369,
  "step_measure_rtlsim_performance": 1.2833104133605957,
  "step_out_of_context_synthesis": 141.20749688148499,
  "step_synthesize_bitfile": 3.5762786865234375e-06,
  "step_make_pynq_driver": 3.5762786865234375e-06,
  "step_deployment_package": 2.384185791015625e-06
}