{
  "step_qonnx_to_finn": 4.1484832763671875e-05,
  "step_tidy_up": 0.03921627998352051,
  "step_streamline": 2.051807165145874,
  "step_convert_to_hw": 0.06678080558776855,
  "step_create_dataflow_partition": 0.02347564697265625,
  "step_specialize_layers": 0.0024056434631347656,
  "step_target_fps_parallelization": 0.0044591426849365234,
  "step_apply_folding_config": 4.5299530029296875e-06,
  "step_minimize_bit_width": 0.014680862426757812,
  "step_generate_estimate_reports": 3.5762786865234375e-06,
  "step_hw_codegen": 0.4908716678619385,
  "step_hw_ipgen": 0.11143851280212402,
  "step_set_fifo_depths": 41.559574365615845,
  "step_create_stitched_ip": 40.00675415992737,
  "step_measure_rtlsim_performance": 1.7137014865875244,
  "step_out_of_context_synthesis": 189.87267422676086,
  "step_synthesize_bitfile": 6.9141387939453125e-06,
  "step_make_pynq_driver": 3.337860107421875e-06,
  "step_deployment_package": 0.00014853477478027344
}