{
  "step_qonnx_to_finn": 3.9577484130859375e-05,
  "step_tidy_up": 0.039450883865356445,
  "step_streamline": 1.955721139907837,
  "step_convert_to_hw": 0.05694222450256348,
  "step_create_dataflow_partition": 0.008115530014038086,
  "step_specialize_layers": 0.0016727447509765625,
  "step_target_fps_parallelization": 0.003275156021118164,
  "step_apply_folding_config": 4.5299530029296875e-06,
  "step_minimize_bit_width": 0.0019073486328125,
  "step_generate_estimate_reports": 3.5762786865234375e-06,
  "step_hw_codegen": 0.006379842758178711,
  "step_hw_ipgen": 0.064483642578125,
  "step_set_fifo_depths": 34.988683462142944,
  "step_create_stitched_ip": 33.1481294631958,
  "step_measure_rtlsim_performance": 1.2874019145965576,
  "step_out_of_context_synthesis": 155.60768389701843,
  "step_synthesize_bitfile": 1.3828277587890625e-05,
  "step_make_pynq_driver": 2.384185791015625e-06,
  "step_deployment_package": 3.0994415283203125e-06
}