{
  "step_qonnx_to_finn": 5.0067901611328125e-05,
  "step_tidy_up": 0.03978872299194336,
  "step_streamline": 1.841489553451538,
  "step_convert_to_hw": 0.05371713638305664,
  "step_create_dataflow_partition": 0.007523298263549805,
  "step_specialize_layers": 0.0016138553619384766,
  "step_target_fps_parallelization": 0.0046672821044921875,
  "step_apply_folding_config": 3.814697265625e-06,
  "step_minimize_bit_width": 0.0030155181884765625,
  "step_generate_estimate_reports": 4.76837158203125e-06,
  "step_hw_codegen": 0.0068705081939697266,
  "step_hw_ipgen": 0.02301335334777832,
  "step_set_fifo_depths": 36.795748710632324,
  "step_create_stitched_ip": 42.25338816642761,
  "step_measure_rtlsim_performance": 1.7443335056304932,
  "step_out_of_context_synthesis": 202.19271659851074,
  "step_synthesize_bitfile": 0.00047087669372558594,
  "step_make_pynq_driver": 0.0003509521484375,
  "step_deployment_package": 9.107589721679688e-05
}