{
  "step_qonnx_to_finn": 5.4836273193359375e-05,
  "step_tidy_up": 0.08616447448730469,
  "step_streamline": 4.030352592468262,
  "step_convert_to_hw": 0.11412358283996582,
  "step_create_dataflow_partition": 0.015987157821655273,
  "step_specialize_layers": 0.0017120838165283203,
  "step_target_fps_parallelization": 0.0029408931732177734,
  "step_apply_folding_config": 3.5762786865234375e-06,
  "step_minimize_bit_width": 0.0024445056915283203,
  "step_generate_estimate_reports": 0.005363941192626953
}