{
  "step_qonnx_to_finn": 3.457069396972656e-05,
  "step_tidy_up": 0.025378704071044922,
  "step_streamline": 1.1609957218170166,
  "step_convert_to_hw": 0.03575253486633301,
  "step_create_dataflow_partition": 0.0165097713470459,
  "step_specialize_layers": 0.0015757083892822266,
  "step_target_fps_parallelization": 0.002977609634399414,
  "step_apply_folding_config": 3.5762786865234375e-06,
  "step_minimize_bit_width": 0.0018706321716308594,
  "step_generate_estimate_reports": 0.006072282791137695
}