{
  "step_qonnx_to_finn": 5.984306335449219e-05,
  "step_tidy_up": 0.08553218841552734,
  "step_streamline": 3.9460666179656982,
  "step_convert_to_hw": 0.11033225059509277,
  "step_create_dataflow_partition": 0.0165865421295166,
  "step_specialize_layers": 0.0017497539520263672,
  "step_target_fps_parallelization": 0.003180980682373047,
  "step_apply_folding_config": 4.5299530029296875e-06,
  "step_minimize_bit_width": 0.0019822120666503906,
  "step_generate_estimate_reports": 2.86102294921875e-06,
  "step_hw_codegen": 0.007132291793823242,
  "step_hw_ipgen": 0.021081924438476562,
  "step_set_fifo_depths": 34.514878273010254,
  "step_create_stitched_ip": 33.24889039993286,
  "step_measure_rtlsim_performance": 1.2479057312011719,
  "step_out_of_context_synthesis": 151.61256217956543,
  "step_synthesize_bitfile": 3.337860107421875e-06,
  "step_make_pynq_driver": 2.09808349609375e-05,
  "step_deployment_package": 1.9073486328125e-06
}