{
  "step_qonnx_to_finn": 6.318092346191406e-05,
  "step_tidy_up": 0.08396148681640625,
  "step_streamline": 4.131235361099243,
  "step_convert_to_hw": 0.14019227027893066,
  "step_create_dataflow_partition": 0.030140161514282227,
  "step_specialize_layers": 0.002451658248901367,
  "step_target_fps_parallelization": 0.003882884979248047,
  "step_apply_folding_config": 5.0067901611328125e-06,
  "step_minimize_bit_width": 0.013900041580200195,
  "step_generate_estimate_reports": 3.5762786865234375e-06,
  "step_hw_codegen": 0.5011100769042969,
  "step_hw_ipgen": 0.03148150444030762,
  "step_set_fifo_depths": 41.769471645355225,
  "step_create_stitched_ip": 40.09728765487671,
  "step_measure_rtlsim_performance": 1.7424712181091309,
  "step_out_of_context_synthesis": 183.50149583816528,
  "step_synthesize_bitfile": 5.0067901611328125e-06,
  "step_make_pynq_driver": 2.6226043701171875e-06,
  "step_deployment_package": 3.0994415283203125e-06
}