{
  "step_qonnx_to_finn": 6.198883056640625e-05,
  "step_tidy_up": 0.10449552536010742,
  "step_streamline": 5.055872678756714,
  "step_convert_to_hw": 0.13145089149475098,
  "step_create_dataflow_partition": 0.023802518844604492,
  "step_specialize_layers": 0.0019178390502929688,
  "step_target_fps_parallelization": 0.0033097267150878906,
  "step_apply_folding_config": 3.337860107421875e-06,
  "step_minimize_bit_width": 0.0020346641540527344,
  "step_generate_estimate_reports": 2.47955322265625e-05,
  "step_hw_codegen": 0.009161233901977539,
  "step_hw_ipgen": 0.024833202362060547,
  "step_set_fifo_depths": 42.559032678604126,
  "step_create_stitched_ip": 40.759106159210205,
  "step_measure_rtlsim_performance": 1.5777556896209717,
  "step_out_of_context_synthesis": 204.57869338989258,
  "step_synthesize_bitfile": 5.0067901611328125e-06,
  "step_make_pynq_driver": 4.5299530029296875e-06,
  "step_deployment_package": 2.6226043701171875e-06
}