{
  "step_qonnx_to_finn": 4.1961669921875e-05,
  "step_tidy_up": 0.03870439529418945,
  "step_streamline": 1.8682472705841064,
  "step_convert_to_hw": 0.056645870208740234,
  "step_create_dataflow_partition": 0.009331703186035156,
  "step_specialize_layers": 0.002091646194458008,
  "step_target_fps_parallelization": 0.003400087356567383,
  "step_apply_folding_config": 4.5299530029296875e-06,
  "step_minimize_bit_width": 0.001882791519165039,
  "step_generate_estimate_reports": 0.0059850215911865234
}