{
  "step_qonnx_to_finn": 2.86102294921875e-05,
  "step_tidy_up": 0.014017105102539062,
  "step_streamline": 0.6737849712371826,
  "step_convert_to_hw": 0.024676799774169922,
  "step_create_dataflow_partition": 0.014899969100952148,
  "step_specialize_layers": 0.0015926361083984375,
  "step_target_fps_parallelization": 0.003465890884399414,
  "step_apply_folding_config": 3.5762786865234375e-06,
  "step_minimize_bit_width": 0.0017375946044921875,
  "step_generate_estimate_reports": 0.006180763244628906
}