{
  "step_qonnx_to_finn": 4.9114227294921875e-05,
  "step_tidy_up": 0.03914356231689453,
  "step_streamline": 1.9007766246795654,
  "step_convert_to_hw": 0.05716300010681152,
  "step_create_dataflow_partition": 0.00842142105102539,
  "step_specialize_layers": 0.0018811225891113281,
  "step_target_fps_parallelization": 0.0030515193939208984,
  "step_apply_folding_config": 4.291534423828125e-06,
  "step_minimize_bit_width": 0.0018126964569091797,
  "step_generate_estimate_reports": 0.005854606628417969
}