{
  "step_qonnx_to_finn": 3.409385681152344e-05,
  "step_tidy_up": 0.03561687469482422,
  "step_streamline": 1.7368347644805908,
  "step_convert_to_hw": 0.05422616004943848,
  "step_create_dataflow_partition": 0.017711877822875977,
  "step_specialize_layers": 0.0014619827270507812,
  "step_target_fps_parallelization": 0.0032227039337158203,
  "step_apply_folding_config": 3.337860107421875e-06,
  "step_minimize_bit_width": 0.0017642974853515625,
  "step_generate_estimate_reports": 2.86102294921875e-06,
  "step_hw_codegen": 0.0060503482818603516,
  "step_hw_ipgen": 0.022780895233154297,
  "step_set_fifo_depths": 35.44381666183472,
  "step_create_stitched_ip": 34.08865928649902,
  "step_measure_rtlsim_performance": 1.0676720142364502,
  "step_out_of_context_synthesis": 146.21308207511902,
  "step_synthesize_bitfile": 2.1696090698242188e-05,
  "step_make_pynq_driver": 3.5762786865234375e-06,
  "step_deployment_package": 2.6226043701171875e-06
}