{
  "step_qonnx_to_finn": 7.557868957519531e-05,
  "step_tidy_up": 0.04229927062988281,
  "step_streamline": 1.9524705410003662,
  "step_convert_to_hw": 0.07277798652648926,
  "step_create_dataflow_partition": 0.015920162200927734,
  "step_specialize_layers": 0.002800464630126953,
  "step_target_fps_parallelization": 0.004705905914306641,
  "step_apply_folding_config": 4.76837158203125e-06,
  "step_minimize_bit_width": 0.007711648941040039,
  "step_generate_estimate_reports": 1.7881393432617188e-05,
  "step_hw_codegen": 0.165557861328125,
  "step_hw_ipgen": 0.04334878921508789,
  "step_set_fifo_depths": 42.73586058616638,
  "step_create_stitched_ip": 40.10854125022888,
  "step_measure_rtlsim_performance": 1.4672644138336182,
  "step_out_of_context_synthesis": 168.79784393310547,
  "step_synthesize_bitfile": 2.7894973754882812e-05,
  "step_make_pynq_driver": 2.86102294921875e-06,
  "step_deployment_package": 3.361701965332031e-05
}