{
  "step_qonnx_to_finn": 4.3392181396484375e-05,
  "step_tidy_up": 0.041567325592041016,
  "step_streamline": 1.9451684951782227,
  "step_convert_to_hw": 0.05551600456237793,
  "step_create_dataflow_partition": 0.008194684982299805,
  "step_specialize_layers": 0.0016536712646484375,
  "step_target_fps_parallelization": 0.0031037330627441406,
  "step_apply_folding_config": 5.7220458984375e-06,
  "step_minimize_bit_width": 0.0018739700317382812,
  "step_generate_estimate_reports": 2.384185791015625e-06,
  "step_hw_codegen": 0.007094144821166992,
  "step_hw_ipgen": 0.024435043334960938,
  "step_set_fifo_depths": 34.95055842399597,
  "step_create_stitched_ip": 33.2707839012146,
  "step_measure_rtlsim_performance": 1.2875564098358154,
  "step_out_of_context_synthesis": 143.09161591529846,
  "step_synthesize_bitfile": 4.0531158447265625e-06,
  "step_make_pynq_driver": 4.5299530029296875e-06,
  "step_deployment_package": 2.86102294921875e-06
}