{
  "step_qonnx_to_finn": 3.9577484130859375e-05,
  "step_tidy_up": 0.037807464599609375,
  "step_streamline": 1.9015278816223145,
  "step_convert_to_hw": 0.05623769760131836,
  "step_create_dataflow_partition": 0.018275737762451172,
  "step_specialize_layers": 0.001561880111694336,
  "step_target_fps_parallelization": 0.003190279006958008,
  "step_apply_folding_config": 3.5762786865234375e-06,
  "step_minimize_bit_width": 0.0018832683563232422,
  "step_generate_estimate_reports": 0.006647348403930664
}