{
  "step_qonnx_to_finn": 4.839897155761719e-05,
  "step_tidy_up": 0.03879499435424805,
  "step_streamline": 1.8674695491790771,
  "step_convert_to_hw": 0.05666375160217285,
  "step_create_dataflow_partition": 0.009733200073242188,
  "step_specialize_layers": 0.0018134117126464844,
  "step_target_fps_parallelization": 0.0031065940856933594,
  "step_apply_folding_config": 4.5299530029296875e-06,
  "step_minimize_bit_width": 0.0019533634185791016,
  "step_generate_estimate_reports": 0.006819963455200195
}