{
  "step_qonnx_to_finn": 4.76837158203125e-05,
  "step_tidy_up": 0.06161046028137207,
  "step_streamline": 2.8077287673950195,
  "step_convert_to_hw": 0.09184885025024414,
  "step_create_dataflow_partition": 0.019807815551757812,
  "step_specialize_layers": 0.002305746078491211,
  "step_target_fps_parallelization": 0.00474858283996582,
  "step_apply_folding_config": 5.245208740234375e-06,
  "step_minimize_bit_width": 0.013946771621704102,
  "step_generate_estimate_reports": 4.0531158447265625e-06,
  "step_hw_codegen": 0.4861767292022705,
  "step_hw_ipgen": 0.04027962684631348,
  "step_set_fifo_depths": 41.874823570251465,
  "step_create_stitched_ip": 39.48672151565552,
  "step_measure_rtlsim_performance": 1.5695505142211914,
  "step_out_of_context_synthesis": 190.12134838104248,
  "step_synthesize_bitfile": 2.193450927734375e-05,
  "step_make_pynq_driver": 2.86102294921875e-06,
  "step_deployment_package": 2.8133392333984375e-05
}