{
  "step_qonnx_to_finn": 7.343292236328125e-05,
  "step_tidy_up": 0.08314085006713867,
  "step_streamline": 3.8052258491516113,
  "step_convert_to_hw": 0.1022341251373291,
  "step_create_dataflow_partition": 0.02341175079345703,
  "step_specialize_layers": 0.0021338462829589844,
  "step_target_fps_parallelization": 0.0035457611083984375,
  "step_apply_folding_config": 4.76837158203125e-06,
  "step_minimize_bit_width": 0.002091646194458008,
  "step_generate_estimate_reports": 3.337860107421875e-06,
  "step_hw_codegen": 0.009638071060180664,
  "step_hw_ipgen": 0.026170015335083008,
  "step_set_fifo_depths": 46.643736124038696,
  "step_create_stitched_ip": 42.14614462852478,
  "step_measure_rtlsim_performance": 1.7718112468719482,
  "step_out_of_context_synthesis": 203.01945734024048,
  "step_synthesize_bitfile": 5.245208740234375e-06,
  "step_make_pynq_driver": 3.337860107421875e-06,
  "step_deployment_package": 2.86102294921875e-06
}