{
  "step_qonnx_to_finn": 4.7206878662109375e-05,
  "step_tidy_up": 0.06085848808288574,
  "step_streamline": 2.872650146484375,
  "step_convert_to_hw": 0.08408427238464355,
  "step_create_dataflow_partition": 0.013699769973754883,
  "step_specialize_layers": 0.0018763542175292969,
  "step_target_fps_parallelization": 0.003457784652709961,
  "step_apply_folding_config": 5.0067901611328125e-06,
  "step_minimize_bit_width": 0.0020880699157714844,
  "step_generate_estimate_reports": 3.0994415283203125e-06,
  "step_hw_codegen": 0.007966756820678711,
  "step_hw_ipgen": 0.02764439582824707,
  "step_set_fifo_depths": 35.19021034240723,
  "step_create_stitched_ip": 33.56515049934387,
  "step_measure_rtlsim_performance": 1.3069157600402832,
  "step_out_of_context_synthesis": 158.4294149875641,
  "step_synthesize_bitfile": 4.76837158203125e-06,
  "step_make_pynq_driver": 4.291534423828125e-06,
  "step_deployment_package": 2.6226043701171875e-06
}