{
  "step_qonnx_to_finn": 3.814697265625e-05,
  "step_tidy_up": 0.04132270812988281,
  "step_streamline": 1.9319794178009033,
  "step_convert_to_hw": 0.05982685089111328,
  "step_create_dataflow_partition": 0.008761167526245117,
  "step_specialize_layers": 0.001886129379272461,
  "step_target_fps_parallelization": 0.0034613609313964844,
  "step_apply_folding_config": 5.0067901611328125e-06,
  "step_minimize_bit_width": 0.001984834671020508,
  "step_generate_estimate_reports": 2.6226043701171875e-06,
  "step_hw_codegen": 0.0075376033782958984,
  "step_hw_ipgen": 0.02321457862854004,
  "step_set_fifo_depths": 34.62992453575134,
  "step_create_stitched_ip": 33.18430805206299,
  "step_measure_rtlsim_performance": 1.2202208042144775,
  "step_out_of_context_synthesis": 145.86153173446655,
  "step_synthesize_bitfile": 3.337860107421875e-06,
  "step_make_pynq_driver": 4.0531158447265625e-06,
  "step_deployment_package": 1.9073486328125e-06
}