{
  "step_qonnx_to_finn": 3.314018249511719e-05,
  "step_tidy_up": 0.03576540946960449,
  "step_streamline": 1.7678987979888916,
  "step_convert_to_hw": 0.05168867111206055,
  "step_create_dataflow_partition": 0.00809335708618164,
  "step_specialize_layers": 0.0016689300537109375,
  "step_target_fps_parallelization": 0.002981424331665039,
  "step_apply_folding_config": 3.5762786865234375e-06,
  "step_minimize_bit_width": 0.0018317699432373047,
  "step_generate_estimate_reports": 3.0994415283203125e-06,
  "step_hw_codegen": 0.00603032112121582,
  "step_hw_ipgen": 0.020828962326049805,
  "step_set_fifo_depths": 35.215829610824585,
  "step_create_stitched_ip": 33.962151527404785,
  "step_measure_rtlsim_performance": 1.2038695812225342,
  "step_out_of_context_synthesis": 154.05435419082642,
  "step_synthesize_bitfile": 3.814697265625e-06,
  "step_make_pynq_driver": 3.337860107421875e-06,
  "step_deployment_package": 2.1457672119140625e-06
}