{
  "step_qonnx_to_finn": 4.9114227294921875e-05,
  "step_tidy_up": 0.03986549377441406,
  "step_streamline": 1.9015400409698486,
  "step_convert_to_hw": 0.06683158874511719,
  "step_create_dataflow_partition": 0.010644674301147461,
  "step_specialize_layers": 0.0021393299102783203,
  "step_target_fps_parallelization": 0.0037069320678710938,
  "step_apply_folding_config": 5.0067901611328125e-06,
  "step_minimize_bit_width": 0.004032135009765625,
  "step_generate_estimate_reports": 2.2649765014648438e-05,
  "step_hw_codegen": 0.04401087760925293,
  "step_hw_ipgen": 0.02542591094970703,
  "step_set_fifo_depths": 42.760814905166626,
  "step_create_stitched_ip": 39.9216468334198,
  "step_measure_rtlsim_performance": 1.3791961669921875,
  "step_out_of_context_synthesis": 164.39509892463684,
  "step_synthesize_bitfile": 4.696846008300781e-05,
  "step_make_pynq_driver": 2.86102294921875e-06,
  "step_deployment_package": 4.1961669921875e-05
}