{
  "step_qonnx_to_finn": 3.600120544433594e-05,
  "step_tidy_up": 0.038091182708740234,
  "step_streamline": 1.8905267715454102,
  "step_convert_to_hw": 0.05584073066711426,
  "step_create_dataflow_partition": 0.008502483367919922,
  "step_specialize_layers": 0.0015099048614501953,
  "step_target_fps_parallelization": 0.003142118453979492,
  "step_apply_folding_config": 3.814697265625e-06,
  "step_minimize_bit_width": 0.0018992424011230469,
  "step_generate_estimate_reports": 0.005580425262451172
}