{
  "step_qonnx_to_finn": 7.009506225585938e-05,
  "step_tidy_up": 0.08453702926635742,
  "step_streamline": 4.192418813705444,
  "step_convert_to_hw": 0.1297590732574463,
  "step_create_dataflow_partition": 0.018963098526000977,
  "step_specialize_layers": 0.0022580623626708984,
  "step_target_fps_parallelization": 0.003957986831665039,
  "step_apply_folding_config": 5.0067901611328125e-06,
  "step_minimize_bit_width": 0.01770925521850586,
  "step_generate_estimate_reports": 4.0531158447265625e-06,
  "step_hw_codegen": 0.478848934173584,
  "step_hw_ipgen": 0.02576613426208496,
  "step_set_fifo_depths": 41.17941451072693,
  "step_create_stitched_ip": 39.27000164985657,
  "step_measure_rtlsim_performance": 1.5607240200042725,
  "step_out_of_context_synthesis": 188.41050839424133,
  "step_synthesize_bitfile": 0.0002999305725097656,
  "step_make_pynq_driver": 4.9114227294921875e-05,
  "step_deployment_package": 2.193450927734375e-05
}