{
  "step_qonnx_to_finn": 5.8650970458984375e-05,
  "step_tidy_up": 0.08547711372375488,
  "step_streamline": 4.076435089111328,
  "step_convert_to_hw": 0.1173555850982666,
  "step_create_dataflow_partition": 0.01812601089477539,
  "step_specialize_layers": 0.0018608570098876953,
  "step_target_fps_parallelization": 0.003309488296508789,
  "step_apply_folding_config": 4.5299530029296875e-06,
  "step_minimize_bit_width": 0.0018947124481201172,
  "step_generate_estimate_reports": 2.384185791015625e-06,
  "step_hw_codegen": 0.007371664047241211,
  "step_hw_ipgen": 0.0248568058013916,
  "step_set_fifo_depths": 34.6588876247406,
  "step_create_stitched_ip": 33.166115045547485,
  "step_measure_rtlsim_performance": 1.2589828968048096,
  "step_out_of_context_synthesis": 150.30493664741516,
  "step_synthesize_bitfile": 3.337860107421875e-06,
  "step_make_pynq_driver": 3.0994415283203125e-06,
  "step_deployment_package": 1.6689300537109375e-06
}