{
  "step_qonnx_to_finn": 0.0001976490020751953,
  "step_tidy_up": 0.12487244606018066,
  "step_streamline": 5.615293979644775,
  "step_convert_to_hw": 0.16177630424499512,
  "step_create_dataflow_partition": 0.03781318664550781,
  "step_specialize_layers": 0.0026264190673828125,
  "step_target_fps_parallelization": 0.005111217498779297,
  "step_apply_folding_config": 4.291534423828125e-06,
  "step_minimize_bit_width": 0.0028519630432128906,
  "step_generate_estimate_reports": 6.008148193359375e-05,
  "step_hw_codegen": 0.01584148406982422,
  "step_hw_ipgen": 0.037943363189697266,
  "step_set_fifo_depths": 47.93036508560181,
  "step_create_stitched_ip": 41.43723464012146,
  "step_measure_rtlsim_performance": 1.749136209487915,
  "step_out_of_context_synthesis": 206.96813654899597,
  "step_synthesize_bitfile": 1.5974044799804688e-05,
  "step_make_pynq_driver": 3.337860107421875e-06,
  "step_deployment_package": 3.5762786865234375e-06
}