{
  "step_qonnx_to_finn": 2.6702880859375e-05,
  "step_tidy_up": 0.013731002807617188,
  "step_streamline": 0.6922769546508789,
  "step_convert_to_hw": 0.021952390670776367,
  "step_create_dataflow_partition": 0.014158964157104492,
  "step_specialize_layers": 0.00148773193359375,
  "step_target_fps_parallelization": 0.0029897689819335938,
  "step_apply_folding_config": 2.86102294921875e-06,
  "step_minimize_bit_width": 0.0017137527465820312,
  "step_generate_estimate_reports": 0.005830526351928711
}