{
  "step_qonnx_to_finn": 4.744529724121094e-05,
  "step_tidy_up": 0.058251380920410156,
  "step_streamline": 3.5065956115722656,
  "step_convert_to_hw": 0.08882975578308105,
  "step_create_dataflow_partition": 0.0130615234375,
  "step_specialize_layers": 0.0022766590118408203,
  "step_target_fps_parallelization": 0.003992557525634766,
  "step_apply_folding_config": 3.814697265625e-06,
  "step_minimize_bit_width": 0.0022110939025878906,
  "step_generate_estimate_reports": 0.006565093994140625
}