{
  "step_qonnx_to_finn": 0.00023674964904785156,
  "step_tidy_up": 0.08866119384765625,
  "step_streamline": 3.982586145401001,
  "step_convert_to_hw": 0.11561894416809082,
  "step_create_dataflow_partition": 0.017140626907348633,
  "step_specialize_layers": 0.0017495155334472656,
  "step_target_fps_parallelization": 0.0031702518463134766,
  "step_apply_folding_config": 5.245208740234375e-06,
  "step_minimize_bit_width": 0.002058267593383789,
  "step_generate_estimate_reports": 2.86102294921875e-06,
  "step_hw_codegen": 0.008228302001953125,
  "step_hw_ipgen": 0.02251577377319336,
  "step_set_fifo_depths": 35.36190390586853,
  "step_create_stitched_ip": 32.99766230583191,
  "step_measure_rtlsim_performance": 2.134397268295288,
  "step_out_of_context_synthesis": 143.63806629180908,
  "step_synthesize_bitfile": 3.337860107421875e-06,
  "step_make_pynq_driver": 3.0994415283203125e-06,
  "step_deployment_package": 1.6689300537109375e-06
}