{
  "step_qonnx_to_finn": 0.00010633468627929688,
  "step_tidy_up": 0.10319161415100098,
  "step_streamline": 4.095221042633057,
  "step_convert_to_hw": 0.14334654808044434,
  "step_create_dataflow_partition": 0.024199724197387695,
  "step_specialize_layers": 0.0032083988189697266,
  "step_target_fps_parallelization": 0.0059850215911865234,
  "step_apply_folding_config": 5.245208740234375e-06,
  "step_minimize_bit_width": 0.009537935256958008,
  "step_generate_estimate_reports": 3.123283386230469e-05,
  "step_hw_codegen": 0.14786767959594727,
  "step_hw_ipgen": 0.037780046463012695,
  "step_set_fifo_depths": 43.280585289001465,
  "step_create_stitched_ip": 39.99469256401062,
  "step_measure_rtlsim_performance": 2.5788331031799316,
  "step_out_of_context_synthesis": 165.09921622276306,
  "step_synthesize_bitfile": 5.245208740234375e-06,
  "step_make_pynq_driver": 1.9073486328125e-06,
  "step_deployment_package": 2.6226043701171875e-06
}