{
  "step_qonnx_to_finn": 0.00012540817260742188,
  "step_tidy_up": 0.0942385196685791,
  "step_streamline": 4.034811019897461,
  "step_convert_to_hw": 0.12958645820617676,
  "step_create_dataflow_partition": 0.04648756980895996,
  "step_specialize_layers": 0.003958940505981445,
  "step_target_fps_parallelization": 0.0064198970794677734,
  "step_apply_folding_config": 4.76837158203125e-06,
  "step_minimize_bit_width": 0.003314495086669922,
  "step_generate_estimate_reports": 0.0002446174621582031,
  "step_hw_codegen": 0.024681568145751953,
  "step_hw_ipgen": 0.05210447311401367,
  "step_set_fifo_depths": 42.39673590660095,
  "step_create_stitched_ip": 42.46253824234009,
  "step_measure_rtlsim_performance": 1.7320561408996582,
  "step_out_of_context_synthesis": 195.32723999023438,
  "step_synthesize_bitfile": 0.0001308917999267578,
  "step_make_pynq_driver": 2.1696090698242188e-05,
  "step_deployment_package": 3.0994415283203125e-06
}