{
  "step_qonnx_to_finn": 5.245208740234375e-05,
  "step_tidy_up": 0.052825212478637695,
  "step_streamline": 2.723158359527588,
  "step_convert_to_hw": 0.0910179615020752,
  "step_create_dataflow_partition": 0.01433110237121582,
  "step_specialize_layers": 0.003442049026489258,
  "step_target_fps_parallelization": 0.0052683353424072266,
  "step_apply_folding_config": 5.9604644775390625e-06,
  "step_minimize_bit_width": 0.005048036575317383,
  "step_generate_estimate_reports": 5.9604644775390625e-06,
  "step_hw_codegen": 0.011111736297607422,
  "step_hw_ipgen": 0.03292965888977051,
  "step_set_fifo_depths": 46.306084394454956,
  "step_create_stitched_ip": 42.19869065284729,
  "step_measure_rtlsim_performance": 1.809464931488037,
  "step_out_of_context_synthesis": 207.33880138397217,
  "step_synthesize_bitfile": 4.76837158203125e-06,
  "step_make_pynq_driver": 3.0994415283203125e-06,
  "step_deployment_package": 3.337860107421875e-06
}