{
  "step_qonnx_to_finn": 4.029273986816406e-05,
  "step_tidy_up": 0.041780710220336914,
  "step_streamline": 1.9732167720794678,
  "step_convert_to_hw": 0.06065511703491211,
  "step_create_dataflow_partition": 0.01855325698852539,
  "step_specialize_layers": 0.0020294189453125,
  "step_target_fps_parallelization": 0.004237651824951172,
  "step_apply_folding_config": 5.9604644775390625e-06,
  "step_minimize_bit_width": 0.002222299575805664,
  "step_generate_estimate_reports": 3.0994415283203125e-06,
  "step_hw_codegen": 0.008112907409667969,
  "step_hw_ipgen": 0.023927688598632812,
  "step_set_fifo_depths": 34.96998071670532,
  "step_create_stitched_ip": 33.44727373123169,
  "step_measure_rtlsim_performance": 1.3105075359344482,
  "step_out_of_context_synthesis": 157.00730848312378,
  "step_synthesize_bitfile": 3.0994415283203125e-06,
  "step_make_pynq_driver": 1.52587890625e-05,
  "step_deployment_package": 1.9073486328125e-06
}