{
  "step_qonnx_to_finn": 3.719329833984375e-05,
  "step_tidy_up": 0.03921055793762207,
  "step_streamline": 1.8816287517547607,
  "step_convert_to_hw": 0.06329107284545898,
  "step_create_dataflow_partition": 0.00937962532043457,
  "step_specialize_layers": 0.0021817684173583984,
  "step_target_fps_parallelization": 0.0038094520568847656,
  "step_apply_folding_config": 4.76837158203125e-06,
  "step_minimize_bit_width": 0.012465715408325195,
  "step_generate_estimate_reports": 3.0994415283203125e-06,
  "step_hw_codegen": 0.4811360836029053,
  "step_hw_ipgen": 0.030031204223632812,
  "step_set_fifo_depths": 41.642521381378174,
  "step_create_stitched_ip": 39.58766174316406,
  "step_measure_rtlsim_performance": 1.5383479595184326,
  "step_out_of_context_synthesis": 182.3938970565796,
  "step_synthesize_bitfile": 4.76837158203125e-06,
  "step_make_pynq_driver": 2.6226043701171875e-06,
  "step_deployment_package": 2.384185791015625e-06
}