{
  "N_IN_TXNS": 32,
  "N_OUT_TXNS": 64,
  "cycles": 131,
  "N": 1,
  "latency_cycles": 131,
  "runtime[ms]": 0.0013100000000000002,
  "throughput[images/s]": 763358.7786259541,
  "fclk[mhz]": 100.0,
  "stable_throughput[images/s]": 763358.7786259541
}