{
  "step_qonnx_to_finn": 3.2901763916015625e-05,
  "step_tidy_up": 0.027058839797973633,
  "step_streamline": 1.2997863292694092,
  "step_convert_to_hw": 0.042801618576049805,
  "step_create_dataflow_partition": 0.007493257522583008,
  "step_specialize_layers": 0.001687765121459961,
  "step_target_fps_parallelization": 0.003638029098510742,
  "step_apply_folding_config": 5.245208740234375e-06,
  "step_minimize_bit_width": 0.0024347305297851562,
  "step_generate_estimate_reports": 3.0994415283203125e-06,
  "step_hw_codegen": 0.017206430435180664,
  "step_hw_ipgen": 0.024753093719482422,
  "step_set_fifo_depths": 35.727168798446655,
  "step_create_stitched_ip": 33.512250900268555,
  "step_measure_rtlsim_performance": 1.3451802730560303,
  "step_out_of_context_synthesis": 144.8923854827881,
  "step_synthesize_bitfile": 1.239776611328125e-05,
  "step_make_pynq_driver": 1.4066696166992188e-05,
  "step_deployment_package": 2.86102294921875e-06
}