{
  "step_qonnx_to_finn": 3.790855407714844e-05,
  "step_tidy_up": 0.027102947235107422,
  "step_streamline": 1.2116904258728027,
  "step_convert_to_hw": 0.044189453125,
  "step_create_dataflow_partition": 0.008007526397705078,
  "step_specialize_layers": 0.0021429061889648438,
  "step_target_fps_parallelization": 0.003715038299560547,
  "step_apply_folding_config": 5.0067901611328125e-06,
  "step_minimize_bit_width": 0.0062029361724853516,
  "step_generate_estimate_reports": 3.337860107421875e-06,
  "step_hw_codegen": 0.12604260444641113,
  "step_hw_ipgen": 0.0361173152923584,
  "step_set_fifo_depths": 41.49059510231018,
  "step_create_stitched_ip": 40.472076177597046,
  "step_measure_rtlsim_performance": 1.5096585750579834,
  "step_out_of_context_synthesis": 165.6926920413971,
  "step_synthesize_bitfile": 5.0067901611328125e-06,
  "step_make_pynq_driver": 2.86102294921875e-06,
  "step_deployment_package": 2.86102294921875e-06
}