{
  "step_qonnx_to_finn": 2.7418136596679688e-05,
  "step_tidy_up": 0.023984909057617188,
  "step_streamline": 1.1484084129333496,
  "step_convert_to_hw": 0.03592181205749512,
  "step_create_dataflow_partition": 0.006385326385498047,
  "step_specialize_layers": 0.0015478134155273438,
  "step_target_fps_parallelization": 0.003031492233276367,
  "step_apply_folding_config": 3.5762786865234375e-06,
  "step_minimize_bit_width": 0.0016787052154541016,
  "step_generate_estimate_reports": 2.86102294921875e-06,
  "step_hw_codegen": 0.006299257278442383,
  "step_hw_ipgen": 0.021761178970336914,
  "step_set_fifo_depths": 35.174017906188965,
  "step_create_stitched_ip": 33.85918164253235,
  "step_measure_rtlsim_performance": 1.1595985889434814,
  "step_out_of_context_synthesis": 142.56321263313293,
  "step_synthesize_bitfile": 3.814697265625e-06,
  "step_make_pynq_driver": 2.1457672119140625e-06,
  "step_deployment_package": 1.430511474609375e-06
}