{
  "step_qonnx_to_finn": 2.7179718017578125e-05,
  "step_tidy_up": 0.013788461685180664,
  "step_streamline": 0.6897225379943848,
  "step_convert_to_hw": 0.021378278732299805,
  "step_create_dataflow_partition": 0.006353616714477539,
  "step_specialize_layers": 0.0016553401947021484,
  "step_target_fps_parallelization": 0.0029113292694091797,
  "step_apply_folding_config": 3.337860107421875e-06,
  "step_minimize_bit_width": 0.0017273426055908203,
  "step_generate_estimate_reports": 0.006105661392211914
}