{
  "step_qonnx_to_finn": 3.7670135498046875e-05,
  "step_tidy_up": 0.0404362678527832,
  "step_streamline": 1.8752355575561523,
  "step_convert_to_hw": 0.05500006675720215,
  "step_create_dataflow_partition": 0.008297443389892578,
  "step_specialize_layers": 0.0016007423400878906,
  "step_target_fps_parallelization": 0.0028612613677978516,
  "step_apply_folding_config": 4.0531158447265625e-06,
  "step_minimize_bit_width": 0.0017540454864501953,
  "step_generate_estimate_reports": 0.005472421646118164
}