{
  "step_qonnx_to_finn": 4.363059997558594e-05,
  "step_tidy_up": 0.058457374572753906,
  "step_streamline": 2.7339224815368652,
  "step_convert_to_hw": 0.07934927940368652,
  "step_create_dataflow_partition": 0.011214017868041992,
  "step_specialize_layers": 0.0021359920501708984,
  "step_target_fps_parallelization": 0.003079652786254883,
  "step_apply_folding_config": 4.0531158447265625e-06,
  "step_minimize_bit_width": 0.0018875598907470703,
  "step_generate_estimate_reports": 0.005443572998046875
}