{
  "step_qonnx_to_finn": 0.00015735626220703125,
  "step_tidy_up": 0.08351922035217285,
  "step_streamline": 4.913801908493042,
  "step_convert_to_hw": 0.1292893886566162,
  "step_create_dataflow_partition": 0.018038511276245117,
  "step_specialize_layers": 0.0017559528350830078,
  "step_target_fps_parallelization": 0.0030803680419921875,
  "step_apply_folding_config": 3.5762786865234375e-06,
  "step_minimize_bit_width": 0.0019080638885498047,
  "step_generate_estimate_reports": 0.0059626102447509766
}