{
  "step_qonnx_to_finn": 4.76837158203125e-05,
  "step_tidy_up": 0.059044837951660156,
  "step_streamline": 2.708235025405884,
  "step_convert_to_hw": 0.07501554489135742,
  "step_create_dataflow_partition": 0.010846853256225586,
  "step_specialize_layers": 0.0016062259674072266,
  "step_target_fps_parallelization": 0.0029282569885253906,
  "step_apply_folding_config": 3.814697265625e-06,
  "step_minimize_bit_width": 0.0018491744995117188,
  "step_generate_estimate_reports": 0.005903959274291992
}