{
  "step_qonnx_to_finn": 3.528594970703125e-05,
  "step_tidy_up": 0.024956226348876953,
  "step_streamline": 1.202500343322754,
  "step_convert_to_hw": 0.03917241096496582,
  "step_create_dataflow_partition": 0.007048130035400391,
  "step_specialize_layers": 0.0016248226165771484,
  "step_target_fps_parallelization": 0.0029439926147460938,
  "step_apply_folding_config": 3.5762786865234375e-06,
  "step_minimize_bit_width": 0.0019750595092773438,
  "step_generate_estimate_reports": 0.005843639373779297
}