{
  "step_qonnx_to_finn": 6.556510925292969e-05,
  "step_tidy_up": 0.057126760482788086,
  "step_streamline": 2.7196433544158936,
  "step_convert_to_hw": 0.07995724678039551,
  "step_create_dataflow_partition": 0.012140512466430664,
  "step_specialize_layers": 0.0016300678253173828,
  "step_target_fps_parallelization": 0.0030155181884765625,
  "step_apply_folding_config": 4.0531158447265625e-06,
  "step_minimize_bit_width": 0.0017962455749511719,
  "step_generate_estimate_reports": 0.006292104721069336
}