{
  "step_qonnx_to_finn": 4.2438507080078125e-05,
  "step_tidy_up": 0.056888580322265625,
  "step_streamline": 2.735860824584961,
  "step_convert_to_hw": 0.07879257202148438,
  "step_create_dataflow_partition": 0.011886119842529297,
  "step_specialize_layers": 0.0018086433410644531,
  "step_target_fps_parallelization": 0.0029778480529785156,
  "step_apply_folding_config": 3.814697265625e-06,
  "step_minimize_bit_width": 0.0018460750579833984,
  "step_generate_estimate_reports": 0.005941152572631836
}