{
  "step_qonnx_to_finn": 4.482269287109375e-05,
  "step_tidy_up": 0.057088375091552734,
  "step_streamline": 2.7845027446746826,
  "step_convert_to_hw": 0.07723093032836914,
  "step_create_dataflow_partition": 0.022655725479125977,
  "step_specialize_layers": 0.0020639896392822266,
  "step_target_fps_parallelization": 0.0029027462005615234,
  "step_apply_folding_config": 3.337860107421875e-06,
  "step_minimize_bit_width": 0.0018286705017089844,
  "step_generate_estimate_reports": 0.0061397552490234375
}