{
  "step_qonnx_to_finn": 3.4332275390625e-05,
  "step_tidy_up": 0.02467632293701172,
  "step_streamline": 1.1958768367767334,
  "step_convert_to_hw": 0.04059648513793945,
  "step_create_dataflow_partition": 0.008784294128417969,
  "step_specialize_layers": 0.0018281936645507812,
  "step_target_fps_parallelization": 0.0031354427337646484,
  "step_apply_folding_config": 3.814697265625e-06,
  "step_minimize_bit_width": 0.002315998077392578,
  "step_generate_estimate_reports": 0.008546113967895508
}