{
  "step_qonnx_to_finn": 3.0279159545898438e-05,
  "step_tidy_up": 0.025784730911254883,
  "step_streamline": 1.3396763801574707,
  "step_convert_to_hw": 0.043022871017456055,
  "step_create_dataflow_partition": 0.0076525211334228516,
  "step_specialize_layers": 0.0017650127410888672,
  "step_target_fps_parallelization": 0.003700733184814453,
  "step_apply_folding_config": 4.291534423828125e-06,
  "step_minimize_bit_width": 0.0034618377685546875,
  "step_generate_estimate_reports": 0.006479024887084961
}