{
  "N_IN_TXNS": 32,
  "N_OUT_TXNS": 64,
  "cycles": 123,
  "N": 1,
  "latency_cycles": 123,
  "runtime[ms]": 0.0012300000000000002,
  "throughput[images/s]": 813008.1300813007,
  "fclk[mhz]": 100.0,
  "stable_throughput[images/s]": 813008.1300813007
}