{
  "step_qonnx_to_finn": 3.838539123535156e-05,
  "step_tidy_up": 0.0413966178894043,
  "step_streamline": 2.0430216789245605,
  "step_convert_to_hw": 0.06016230583190918,
  "step_create_dataflow_partition": 0.008773565292358398,
  "step_specialize_layers": 0.0017588138580322266,
  "step_target_fps_parallelization": 0.0031197071075439453,
  "step_apply_folding_config": 5.245208740234375e-06,
  "step_minimize_bit_width": 0.0027391910552978516,
  "step_generate_estimate_reports": 3.5762786865234375e-06,
  "step_hw_codegen": 0.017514467239379883,
  "step_hw_ipgen": 0.025493144989013672,
  "step_set_fifo_depths": 36.05809211730957,
  "step_create_stitched_ip": 34.49495482444763,
  "step_measure_rtlsim_performance": 1.304445743560791,
  "step_out_of_context_synthesis": 155.06540942192078,
  "step_synthesize_bitfile": 3.5762786865234375e-06,
  "step_make_pynq_driver": 3.337860107421875e-06,
  "step_deployment_package": 2.86102294921875e-06
}