{
  "step_qonnx_to_finn": 5.3882598876953125e-05,
  "step_tidy_up": 0.04395723342895508,
  "step_streamline": 2.2161412239074707,
  "step_convert_to_hw": 0.07935667037963867,
  "step_create_dataflow_partition": 0.010364770889282227,
  "step_specialize_layers": 0.0023512840270996094,
  "step_target_fps_parallelization": 0.0041735172271728516,
  "step_apply_folding_config": 5.245208740234375e-06,
  "step_minimize_bit_width": 0.004302501678466797,
  "step_generate_estimate_reports": 3.5762786865234375e-06,
  "step_hw_codegen": 0.04422497749328613,
  "step_hw_ipgen": 0.03272199630737305,
  "step_set_fifo_depths": 42.50880289077759,
  "step_create_stitched_ip": 41.40957546234131,
  "step_measure_rtlsim_performance": 1.4639744758605957,
  "step_out_of_context_synthesis": 170.05748105049133,
  "step_synthesize_bitfile": 6.723403930664062e-05,
  "step_make_pynq_driver": 1.2159347534179688e-05,
  "step_deployment_package": 5.8650970458984375e-05
}