{
  "step_qonnx_to_finn": 3.147125244140625e-05,
  "step_tidy_up": 0.03583359718322754,
  "step_streamline": 1.7550952434539795,
  "step_convert_to_hw": 0.051079750061035156,
  "step_create_dataflow_partition": 0.0075070858001708984,
  "step_specialize_layers": 0.0015139579772949219,
  "step_target_fps_parallelization": 0.002936840057373047,
  "step_apply_folding_config": 3.337860107421875e-06,
  "step_minimize_bit_width": 0.0017435550689697266,
  "step_generate_estimate_reports": 2.6226043701171875e-06,
  "step_hw_codegen": 0.005833148956298828,
  "step_hw_ipgen": 0.029959440231323242,
  "step_set_fifo_depths": 35.480802059173584,
  "step_create_stitched_ip": 34.15484261512756,
  "step_measure_rtlsim_performance": 1.1665441989898682,
  "step_out_of_context_synthesis": 150.08078980445862,
  "step_synthesize_bitfile": 3.814697265625e-06,
  "step_make_pynq_driver": 2.384185791015625e-06,
  "step_deployment_package": 2.1457672119140625e-06
}