{
  "step_qonnx_to_finn": 3.933906555175781e-05,
  "step_tidy_up": 0.037340402603149414,
  "step_streamline": 1.780073881149292,
  "step_convert_to_hw": 0.05181694030761719,
  "step_create_dataflow_partition": 0.019212961196899414,
  "step_specialize_layers": 0.0015299320220947266,
  "step_target_fps_parallelization": 0.0033326148986816406,
  "step_apply_folding_config": 3.337860107421875e-06,
  "step_minimize_bit_width": 0.0017414093017578125,
  "step_generate_estimate_reports": 0.005869865417480469
}