{
  "step_qonnx_to_finn": 4.1484832763671875e-05,
  "step_tidy_up": 0.039557695388793945,
  "step_streamline": 1.8985660076141357,
  "step_convert_to_hw": 0.05434679985046387,
  "step_create_dataflow_partition": 0.008274316787719727,
  "step_specialize_layers": 0.0016050338745117188,
  "step_target_fps_parallelization": 0.0031642913818359375,
  "step_apply_folding_config": 4.0531158447265625e-06,
  "step_minimize_bit_width": 0.0019669532775878906,
  "step_generate_estimate_reports": 0.005869150161743164
}