{
  "step_qonnx_to_finn": 3.3855438232421875e-05,
  "step_tidy_up": 0.02641439437866211,
  "step_streamline": 1.291612148284912,
  "step_convert_to_hw": 0.041143178939819336,
  "step_create_dataflow_partition": 0.017824888229370117,
  "step_specialize_layers": 0.0016841888427734375,
  "step_target_fps_parallelization": 0.0036878585815429688,
  "step_apply_folding_config": 5.245208740234375e-06,
  "step_minimize_bit_width": 0.002011537551879883,
  "step_generate_estimate_reports": 3.0994415283203125e-06,
  "step_hw_codegen": 0.007773160934448242,
  "step_hw_ipgen": 0.0311129093170166,
  "step_set_fifo_depths": 35.86441135406494,
  "step_create_stitched_ip": 34.03308629989624,
  "step_measure_rtlsim_performance": 1.3923161029815674,
  "step_out_of_context_synthesis": 147.8236689567566,
  "step_synthesize_bitfile": 4.0531158447265625e-06,
  "step_make_pynq_driver": 4.291534423828125e-06,
  "step_deployment_package": 2.6226043701171875e-06
}