{
  "step_qonnx_to_finn": 3.910064697265625e-05,
  "step_tidy_up": 0.027509689331054688,
  "step_streamline": 1.2855916023254395,
  "step_convert_to_hw": 0.046671152114868164,
  "step_create_dataflow_partition": 0.018065452575683594,
  "step_specialize_layers": 0.0023326873779296875,
  "step_target_fps_parallelization": 0.0049016475677490234,
  "step_apply_folding_config": 5.4836273193359375e-06,
  "step_minimize_bit_width": 0.0056874752044677734,
  "step_generate_estimate_reports": 3.814697265625e-06,
  "step_hw_codegen": 0.1385791301727295,
  "step_hw_ipgen": 0.042238473892211914,
  "step_set_fifo_depths": 43.02089548110962,
  "step_create_stitched_ip": 42.179224252700806,
  "step_measure_rtlsim_performance": 1.591022253036499,
  "step_out_of_context_synthesis": 177.50134825706482,
  "step_synthesize_bitfile": 5.7220458984375e-06,
  "step_make_pynq_driver": 3.0994415283203125e-06,
  "step_deployment_package": 3.0517578125e-05
}