{
  "step_qonnx_to_finn": 3.647804260253906e-05,
  "step_tidy_up": 0.025980234146118164,
  "step_streamline": 1.262394905090332,
  "step_convert_to_hw": 0.04050564765930176,
  "step_create_dataflow_partition": 0.006694793701171875,
  "step_specialize_layers": 0.0016858577728271484,
  "step_target_fps_parallelization": 0.0033447742462158203,
  "step_apply_folding_config": 5.0067901611328125e-06,
  "step_minimize_bit_width": 0.001931905746459961,
  "step_generate_estimate_reports": 2.86102294921875e-06,
  "step_hw_codegen": 0.007618904113769531,
  "step_hw_ipgen": 0.02206110954284668,
  "step_set_fifo_depths": 34.55954027175903,
  "step_create_stitched_ip": 32.97745633125305,
  "step_measure_rtlsim_performance": 1.2596633434295654,
  "step_out_of_context_synthesis": 155.58166790008545,
  "step_synthesize_bitfile": 3.337860107421875e-06,
  "step_make_pynq_driver": 2.86102294921875e-06,
  "step_deployment_package": 1.9073486328125e-06
}