{
  "step_qonnx_to_finn": 3.2901763916015625e-05,
  "step_tidy_up": 0.02609848976135254,
  "step_streamline": 1.255418062210083,
  "step_convert_to_hw": 0.04604816436767578,
  "step_create_dataflow_partition": 0.007206916809082031,
  "step_specialize_layers": 0.0021142959594726562,
  "step_target_fps_parallelization": 0.004540205001831055,
  "step_apply_folding_config": 5.0067901611328125e-06,
  "step_minimize_bit_width": 0.013440132141113281,
  "step_generate_estimate_reports": 3.814697265625e-06,
  "step_hw_codegen": 0.5117685794830322,
  "step_hw_ipgen": 0.029366731643676758,
  "step_set_fifo_depths": 41.98441672325134,
  "step_create_stitched_ip": 39.991211891174316,
  "step_measure_rtlsim_performance": 1.6275763511657715,
  "step_out_of_context_synthesis": 181.42502975463867,
  "step_synthesize_bitfile": 5.316734313964844e-05,
  "step_make_pynq_driver": 1.1444091796875e-05,
  "step_deployment_package": 1.1682510375976562e-05
}