{
  "step_qonnx_to_finn": 4.935264587402344e-05,
  "step_tidy_up": 0.03316092491149902,
  "step_streamline": 1.7795166969299316,
  "step_convert_to_hw": 0.06171131134033203,
  "step_create_dataflow_partition": 0.010366439819335938,
  "step_specialize_layers": 0.0022826194763183594,
  "step_target_fps_parallelization": 0.005476474761962891,
  "step_apply_folding_config": 4.291534423828125e-06,
  "step_minimize_bit_width": 0.0032308101654052734,
  "step_generate_estimate_reports": 4.291534423828125e-06,
  "step_hw_codegen": 0.011276721954345703,
  "step_hw_ipgen": 0.03268718719482422,
  "step_set_fifo_depths": 44.16761755943298,
  "step_create_stitched_ip": 45.369070291519165,
  "step_measure_rtlsim_performance": 1.7077381610870361,
  "step_out_of_context_synthesis": 203.23701000213623,
  "step_synthesize_bitfile": 8.344650268554688e-06,
  "step_make_pynq_driver": 7.3909759521484375e-06,
  "step_deployment_package": 5.7220458984375e-06
}