{
  "step_qonnx_to_finn": 4.863739013671875e-05,
  "step_tidy_up": 0.04391908645629883,
  "step_streamline": 2.0438034534454346,
  "step_convert_to_hw": 0.07573652267456055,
  "step_create_dataflow_partition": 0.022809505462646484,
  "step_specialize_layers": 0.00379180908203125,
  "step_target_fps_parallelization": 0.004259347915649414,
  "step_apply_folding_config": 5.4836273193359375e-06,
  "step_minimize_bit_width": 0.006174325942993164,
  "step_generate_estimate_reports": 5.245208740234375e-06,
  "step_hw_codegen": 0.13622546195983887,
  "step_hw_ipgen": 0.04040336608886719,
  "step_set_fifo_depths": 44.028011083602905,
  "step_create_stitched_ip": 41.740153312683105,
  "step_measure_rtlsim_performance": 1.6440951824188232,
  "step_out_of_context_synthesis": 171.88773322105408,
  "step_synthesize_bitfile": 5.4836273193359375e-06,
  "step_make_pynq_driver": 2.1457672119140625e-06,
  "step_deployment_package": 2.384185791015625e-06
}