{
  "step_qonnx_to_finn": 6.508827209472656e-05,
  "step_tidy_up": 0.05178713798522949,
  "step_streamline": 2.203077793121338,
  "step_convert_to_hw": 0.06753993034362793,
  "step_create_dataflow_partition": 0.012202262878417969,
  "step_specialize_layers": 0.0021255016326904297,
  "step_target_fps_parallelization": 0.003943920135498047,
  "step_apply_folding_config": 5.7220458984375e-06,
  "step_minimize_bit_width": 0.00209808349609375,
  "step_generate_estimate_reports": 2.86102294921875e-06,
  "step_hw_codegen": 0.007959604263305664,
  "step_hw_ipgen": 0.02967977523803711,
  "step_set_fifo_depths": 36.418015480041504,
  "step_create_stitched_ip": 35.132816553115845,
  "step_measure_rtlsim_performance": 1.3439826965332031,
  "step_out_of_context_synthesis": 152.82888007164001,
  "step_synthesize_bitfile": 3.5762786865234375e-06,
  "step_make_pynq_driver": 3.337860107421875e-06,
  "step_deployment_package": 2.384185791015625e-06
}