{
  "step_qonnx_to_finn": 2.86102294921875e-05,
  "step_tidy_up": 0.025705814361572266,
  "step_streamline": 1.1618306636810303,
  "step_convert_to_hw": 0.03649640083312988,
  "step_create_dataflow_partition": 0.015804052352905273,
  "step_specialize_layers": 0.0014786720275878906,
  "step_target_fps_parallelization": 0.003964424133300781,
  "step_apply_folding_config": 3.814697265625e-06,
  "step_minimize_bit_width": 0.0021970272064208984,
  "step_generate_estimate_reports": 0.005720853805541992
}